Day,Start,End,Work unit description,Work unit details,Duration,Task,Tags,Task details,
2021/11/3,10:23 AM,11:23 AM,托福阅读改错,,60 min,TOEFL,,,
2021/11/4,12:47 PM,1:11 PM,应付workshop,,24 min,Homework,,,
2021/11/4,1:28 PM,10:52 PM,应付workshop,,455 min,Homework,,,
2021/11/5,7:51 AM,10:21 AM,应付work,,150 min,Homework,,,
2021/11/5,10:21 AM,11:12 AM,应付work,,51 min,Homework,,,
2021/11/5,4:00 PM,5:25 PM,民族志汇报准备,,85 min,Thesis,,,
2021/11/6,10:00 AM,11:00 AM,阅读做题和改错,,60 min,TOEFL,,,
2021/11/6,10:08 AM,4:08 PM,风景区底图,莫名其妙搞了很久,360 min,Homework,,,
2021/11/6,8:17 PM,8:25 PM,,,8 min,Homework,,,
2021/11/7,10:40 AM,12:20 PM,应付风景区,底图,100 min,Homework,,,
2021/11/7,8:22 PM,9:11 PM,,,49 min,Data Science & Programming,,,
2021/11/7,9:18 PM,10:22 PM,,,63 min,Read Books,,,
2021/11/8,9:29 AM,11:50 AM,,,141 min,TOEFL,,,
2021/11/8,3:51 PM,5:32 PM,应付风景区,,101 min,Homework,,,
2021/11/9,11:00 AM,11:18 AM,阅读练习,,18 min,TOEFL,,,
2021/11/9,11:18 AM,11:48 AM,阅读练习,,30 min,TOEFL,,,
2021/11/9,3:18 PM,3:23 PM,背单词,,5 min,TOEFL,,,
2021/11/9,3:32 PM,4:18 PM,托福阅读改错,,46 min,TOEFL,,,
2021/11/10,8:35 AM,10:00 AM,写作,,85 min,TOEFL,,,
2021/11/10,3:18 PM,5:19 PM,分析,,121 min,Thesis,,,
2021/11/10,7:18 PM,8:18 PM,写作,,60 min,TOEFL,,,
2021/11/10,9:06 PM,11:59 PM,城设,,173 min,Homework,,,
2021/11/11,12:00 AM,1:07 AM,城设,,67 min,Homework,,,
2021/11/12,9:20 AM,10:51 AM,应付workshop,,90 min,Homework,,,
2021/11/12,1:08 PM,2:08 PM,写作课,,60 min,TOEFL,,,
2021/11/12,3:10 PM,4:20 PM,应付wo,,69 min,Homework,,,
2021/11/12,8:25 PM,11:25 PM,应付workshop,,180 min,Homework,,,
2021/11/13,1:11 PM,2:10 PM,阅读,,60 min,TOEFL,,,
2021/11/13,2:10 PM,3:00 PM,选校信息UvA,,50 min,Personal Growth,,,
2021/11/13,3:00 PM,4:30 PM,应付workshop,,90 min,Homework,,,
2021/11/13,8:20 PM,11:45 PM,画图,,180 min,Homework,,,
2021/11/14,12:46 PM,12:56 PM,背单词,,10 min,TOEFL,,,
2021/11/14,12:57 PM,2:17 PM,背单词和练习写作,,77 min,TOEFL,,,
2021/11/14,2:17 PM,2:38 PM,写作,,21 min,TOEFL,,,
2021/11/14,5:02 PM,6:02 PM,完成workshop,,60 min,Homework,,,
2021/11/14,8:02 PM,8:46 PM,背单词,,44 min,TOEFL,,,
2021/11/14,11:15 PM,11:59 PM,python ,,44 min,Data Science & Programming,,,
2021/11/15,12:05 AM,1:30 AM,每周反思与计划,,85 min,Personal Growth,,,
2021/11/15,1:30 AM,1:35 AM,写作一段,,5 min,TOEFL,,,
2021/11/15,10:36 AM,11:06 AM,听力,,30 min,TOEFL,,,
2021/11/15,1:11 PM,4:11 PM,综述分析,,180 min,Thesis,,,
2021/11/15,4:12 PM,5:00 PM,口语,,48 min,TOEFL,,,
2021/11/15,7:32 PM,8:12 PM,Python 250xp,,40 min,Data Science & Programming,,,
2021/11/15,8:12 PM,9:32 PM,综述,,80 min,Thesis,,,
2021/11/15,10:32 PM,11:00 PM,口语,,28 min,TOEFL,,,
2021/11/16,7:23 AM,7:45 AM,听力,,22 min,TOEFL,,,
2021/11/16,9:20 AM,11:20 AM,阅读练习册,,120 min,TOEFL,,,
2021/11/16,4:20 PM,5:20 PM,口语,,60 min,TOEFL,,,
2021/11/16,10:21 PM,11:21 PM,背单词unit4,,60 min,TOEFL,,,
2021/11/19,2:47 PM,4:04 PM,写作,,77 min,TOEFL,,,
2021/11/20,4:03 PM,5:35 PM,论文,,92 min,Homework,,,
2021/11/20,7:08 PM,8:35 PM,论文,,87 min,Homework,,,
2021/11/21,3:26 PM,3:30 PM,考前复习,,3 min,TOEFL,,,
2021/11/21,3:30 PM,5:46 PM,模拟考试,,136 min,TOEFL,,,
2021/11/21,5:46 PM,6:34 PM,写作模拟,,48 min,TOEFL,,,
2021/11/23,8:57 PM,11:57 PM,城设,,180 min,Homework,,,
2021/11/24,10:00 AM,11:49 AM,城设,,109 min,Homework,,,
2021/11/24,8:26 PM,11:59 PM,,,213 min,Homework,,,
2021/11/25,2:25 PM,9:40 PM,urban geography,,301 min,Exam Prepare,,,
2021/11/27,3:38 PM,5:06 PM,综述,,89 min,Thesis,,,
2021/11/28,9:28 AM,9:40 AM,应付作业,,12 min,Homework,,,
2021/11/30,4:38 PM,6:10 PM,翻译,,92 min,Thesis,,,
2021/12/1,9:08 PM,11:59 PM,城设,,171 min,Homework,,,
2021/12/2,12:00 AM,3:09 AM,城设,,189 min,Homework,,,
2021/12/2,9:09 PM,11:09 PM,基础设施,,120 min,Homework,,,
2021/12/3,11:40 PM,11:59 PM,翻译,,19 min,Thesis,,,
2021/12/4,12:00 AM,1:53 AM,翻译,,113 min,Thesis,,,
2021/12/6,3:20 PM,5:19 PM,翻译,,119 min,Thesis,,,
2021/12/6,5:29 PM,7:07 PM,翻译,,98 min,Thesis,,,
2021/12/8,3:45 PM,7:31 PM,,城设,226 min,Homework,,,
2021/12/10,8:07 PM,10:07 PM,mkt,,120 min,Homework,,,
2021/12/11,9:30 PM,10:30 PM,写,,60 min,Thesis,,,
2021/12/12,1:00 AM,1:45 AM,写,,45 min,Thesis,,,
2021/12/12,2:26 AM,3:06 AM,mkt,,40 min,Homework,,,
2021/12/12,4:26 PM,6:21 PM,MKT,,115 min,Homework,,,
2021/12/13,7:39 PM,11:59 PM,mkt,,260 min,Homework,,,
2021/12/14,12:00 AM,12:32 AM,mkt,,32 min,Homework,,,
2021/12/15,2:17 PM,8:55 PM,城设,,399 min,Homework,,,
2021/12/15,11:47 PM,11:59 PM,城设,,12 min,Homework,,,
2021/12/16,12:00 AM,12:48 AM,城设,,48 min,Homework,,,
2021/12/16,7:51 AM,8:51 AM,Python,,60 min,Data Science & Programming,,,
2021/12/16,3:52 PM,5:52 PM,开头,,120 min,Thesis,,,
2021/12/17,1:44 PM,2:55 PM,看论文,,71 min,Thesis,,,
2021/12/17,8:47 PM,10:19 PM,写论文,,92 min,Thesis,,,
2021/12/18,12:21 AM,12:56 AM,xp,,35 min,Data Science & Programming,,,
2021/12/18,4:11 PM,7:18 PM,xp,,188 min,Data Science & Programming,,,
2021/12/19,1:00 PM,1:24 PM,读论文,,24 min,Data Science & Programming,,,
2021/12/19,1:23 PM,6:21 PM,国内数据,,298 min,Thesis,,,
2021/12/19,7:41 PM,9:00 PM,,,79 min,Data Science & Programming,,,
2021/12/20,2:21 PM,4:21 PM,诺斯替宗教,,120 min,Read Books,,,
2021/12/20,5:41 PM,7:21 PM,mkt,,100 min,Exam Prepare,,,
2021/12/21,3:38 AM,5:38 AM,诺斯替宗教,,120 min,Read Books,,,
2021/12/21,6:40 PM,7:25 PM,mkt,,46 min,Exam Prepare,,,
2021/12/21,8:12 PM,8:34 PM,mkt,,23 min,Exam Prepare,,,
2021/12/21,9:59 PM,10:37 PM,Python 300xp,,38 min,Data Science & Programming,,,
2021/12/22,8:54 AM,9:45 AM,,,50 min,Data Science & Programming,,,
2021/12/22,10:16 AM,11:16 AM,,,60 min,Homework,,,
2021/12/22,3:23 PM,4:16 PM,讲座整理,,53 min,Personal Growth,,,
2021/12/22,4:16 PM,6:02 PM,社会调研,,106 min,Homework,,,
2021/12/22,7:50 PM,9:04 PM,mkt,,74 min,Exam Prepare,,,
2021/12/23,8:48 AM,10:02 AM,mkt,,61 min,Exam Prepare,,,
2021/12/23,10:02 AM,10:17 AM,,,15 min,Thesis,,,
2021/12/23,10:17 AM,11:09 AM,社会调研,,52 min,Homework,,,
2021/12/23,12:00 PM,1:25 PM,mkt,,85 min,Exam Prepare,,,
2021/12/23,10:17 PM,11:59 PM,studio,,102 min,Homework,,,
2021/12/24,12:00 AM,1:00 AM,studio,,61 min,Homework,,,
2021/12/25,1:19 PM,4:25 PM,基础设施,,183 min,Homework,,,
2021/12/26,10:11 AM,12:13 PM,基础设施,,122 min,Homework,,,
2021/12/26,12:49 PM,2:25 PM,基础设施,,96 min,Homework,,,
2021/12/26,5:20 PM,5:55 PM,,,36 min,Data Science & Programming,,,
2021/12/26,5:55 PM,6:50 PM,video plan,,55 min,Personal Growth,,,
2021/12/27,9:00 AM,9:55 AM,城设,,55 min,Homework,,,
2021/12/27,11:00 AM,11:31 AM,Delirious New York,,31 min,Read Books,,,
2021/12/27,3:51 PM,5:25 PM,城设建模,,94 min,Homework,,,
2021/12/27,6:50 PM,8:01 PM,城设建模,,71 min,Homework,,,
2021/12/27,9:00 PM,9:37 PM,园林植物,,37 min,Homework,,,
2021/12/27,9:52 PM,10:16 PM,视频课,,24 min,Homework,,,
2021/12/28,2:38 PM,5:17 PM,城设建模,,149 min,Homework,,,
2021/12/28,5:17 PM,5:47 PM,应付论文,,30 min,Homework,,,
2021/12/28,8:13 PM,9:27 PM,应付论文,,74 min,Homework,,,
2021/12/29,9:27 AM,9:47 AM,,,21 min,Personal Growth,,,
2021/12/29,9:47 AM,10:47 AM,,,60 min,Data Science & Programming,,,
2021/12/29,2:24 PM,4:21 PM,园林植物,,117 min,Homework,,,
2021/12/30,8:42 AM,9:42 AM,500xp,,60 min,Data Science & Programming,,,
2021/12/30,11:07 AM,11:37 AM,学校资料,,30 min,Personal Growth,,,
2021/12/30,11:37 AM,12:08 PM,园林植物,,31 min,Homework,,,
2021/12/30,3:08 PM,4:55 PM,园林植物,,108 min,Homework,,,
2022/1/3,10:58 AM,12:08 PM,Urban Analytics,,70 min,Read Books,,,
2022/1/3,4:15 PM,7:39 PM,citespace,,205 min,Thesis,,,
2022/1/3,9:00 PM,10:49 PM,Python 340xp,,110 min,Data Science & Programming,,,
2022/1/3,10:49 PM,11:58 PM,citespace,,69 min,Thesis,,,
2022/1/4,8:48 AM,9:13 AM,城设,,25 min,Homework,,,
2022/1/4,11:06 AM,12:19 PM,Python 650xp,,74 min,Data Science & Programming,,,
2022/1/4,3:18 PM,4:28 PM,城设,,70 min,Homework,,,
2022/1/4,5:10 PM,6:18 PM,城设,,68 min,Homework,,,
2022/1/4,7:35 PM,8:37 PM,园林植物,,62 min,Exam Prepare,,,
2022/1/4,8:37 PM,9:59 PM,城设平面图,,82 min,Homework,,,
2022/1/5,9:32 AM,10:54 AM,python 470xp,,82 min,Data Science & Programming,,,
2022/1/5,10:07 AM,4:37 PM,城设平面图,,390 min,Homework,,,
2022/1/5,6:07 PM,9:07 PM,城设,,180 min,Homework,,,
2022/1/5,9:46 PM,11:59 PM,城设不知道在干啥,,133 min,Homework,,,
2022/1/6,12:00 AM,1:47 AM,城设不知道在干啥,,107 min,Homework,,,
2022/1/6,3:23 PM,5:00 PM,园林植物,,96 min,Exam Prepare,,,
2022/1/6,8:15 PM,9:20 PM,python 350xp,,65 min,Data Science & Programming,,,
2022/1/7,9:48 AM,10:45 AM,读论文,,57 min,Thesis,,,
2022/1/7,12:42 PM,1:42 PM,Python 300xp,,60 min,Data Science & Programming,,,
2022/1/7,3:27 PM,5:37 PM,,,130 min,Read Books,,,
2022/1/7,8:40 PM,9:37 PM,citespace,,57 min,Thesis,,,
2022/1/8,1:43 PM,5:10 PM,,,174 min,Data Science & Programming,,,
2022/1/9,9:11 AM,10:11 AM,,,60 min,Homework,,,
2022/1/9,5:30 PM,7:11 PM,Python 320XP,,101 min,Data Science & Programming,,,
2022/1/10,9:38 AM,10:50 AM,,园林植物,72 min,Exam Prepare,,,
2022/1/10,3:14 PM,5:16 PM,,,121 min,Thesis,,,
2022/1/10,9:21 PM,11:48 PM,,,84 min,Data Science & Programming,,,
2022/1/11,12:39 PM,2:56 PM,,,137 min,Data Science & Programming,,,
2022/1/11,3:32 PM,4:50 PM,园林植物,,78 min,Personal Growth,,,
2022/1/11,9:31 PM,10:31 PM,,,60 min,Exam Prepare,,,
2022/1/12,3:13 PM,3:43 PM,250xp,,30 min,Data Science & Programming,,,
2022/1/12,7:07 PM,8:10 PM,,,63 min,Exam Prepare,,,
2022/1/13,1:16 PM,2:18 PM,,,62 min,Exam Prepare,,,
2022/1/13,2:58 PM,4:18 PM,,,80 min,Exam Prepare,,,
2022/1/13,9:27 PM,10:56 PM,,,88 min,Thesis,,,
2022/1/14,11:11 AM,12:11 PM,,,60 min,Data Science & Programming,,,
2022/1/15,1:38 PM,2:36 PM,Python 250xp,,58 min,Data Science & Programming,,,
2022/1/15,2:36 PM,4:04 PM,,,88 min,Thesis,,,
2022/1/16,8:46 PM,11:05 PM,,,140 min,Thesis,,,
2022/1/17,2:25 PM,3:27 PM,,,62 min,Thesis,,,
2022/1/17,3:27 PM,4:27 PM,,,60 min,Data Science & Programming,,,
2022/1/18,8:43 AM,9:15 AM,,,32 min,Thesis,,,
2022/1/18,12:34 PM,1:06 PM,,,32 min,Thesis,,,
2022/1/18,4:00 PM,5:14 PM,,,74 min,Homework,,,
2022/1/19,10:42 AM,11:42 AM,,,60 min,Data Science & Programming,,,
2022/1/19,2:43 PM,4:39 PM,,,116 min,Homework,,,
2022/1/19,7:32 PM,10:57 PM,,,167 min,Homework,,,
2022/1/20,10:16 AM,8:16 PM,城设,,600 min,Homework,,,
2022/1/21,6:15 PM,7:47 PM,,,92 min,Thesis,,,
2022/1/21,8:27 PM,9:00 PM,,,32 min,Personal Growth,,,
2022/1/21,10:32 PM,11:59 PM,,,86 min,Thesis,,,
2022/1/22,12:00 AM,12:32 AM,,,32 min,Thesis,,,
2022/1/22,1:29 AM,2:29 AM,,,60 min,Thesis,,,
2022/1/22,1:37 PM,2:37 PM,,,60 min,Data Science & Programming,,,
2022/1/22,3:00 PM,3:47 PM,,,47 min,Thesis,,,
2022/1/22,4:47 PM,5:17 PM,,,30 min,Read Books,,,
2022/1/22,7:38 PM,11:19 PM,,,221 min,Thesis,,,
2022/1/23,10:45 AM,11:45 AM,,,60 min,Data Science & Programming,,,
2022/1/23,1:56 PM,4:40 PM,,,164 min,Thesis,,,
2022/1/23,6:38 PM,8:52 PM,,,134 min,Thesis,,,
2022/1/23,10:30 PM,11:05 PM,弹吉他,,35 min,Personal Growth,,,
2022/1/23,11:35 PM,11:59 PM,计划托福,,24 min,Personal Growth,,,
2022/1/24,12:16 AM,1:20 AM,,,65 min,Personal Growth,,,
2022/1/24,12:35 PM,1:09 PM,,,34 min,Data Science & Programming,,,
2022/1/24,2:02 PM,7:11 PM,,,309 min,Thesis,,,
2022/1/24,9:14 PM,9:29 PM,单词,,14 min,TOEFL,,,
2022/1/25,11:30 AM,12:26 PM,,,56 min,Data Science & Programming,,,
2022/1/25,2:11 PM,4:12 PM,,,122 min,Thesis,,,
2022/1/25,4:12 PM,4:59 PM,背单词,,47 min,TOEFL,,,
2022/1/26,6:10 PM,9:23 PM,,,193 min,Thesis,,,
2022/1/27,9:43 AM,10:43 AM,,,60 min,Data Science & Programming,,,
2022/1/27,11:10 AM,7:10 PM,,,480 min,Thesis,,,
2022/1/28,8:50 AM,9:41 AM,,,51 min,Data Science & Programming,,,
2022/1/28,10:07 AM,1:32 PM,,,168 min,TOEFL,,,
2022/1/28,2:25 PM,5:25 PM,,,180 min,Data Science & Programming,,,
2022/1/28,9:09 PM,10:26 PM,,,77 min,Thesis,,,
2022/1/29,9:14 AM,10:39 AM,,,85 min,Data Science & Programming,,,
2022/1/29,11:11 AM,11:35 AM,,,24 min,Thesis,,,
2022/1/30,2:26 PM,3:53 PM,,,87 min,Data Science & Programming,,,
2022/1/30,5:04 PM,5:47 PM,,,42 min,TOEFL,,,
2022/1/30,10:21 PM,11:59 PM,,,98 min,Read Books,,,
2022/1/31,12:00 AM,12:21 AM,,,22 min,Read Books,,,
2022/1/31,1:13 AM,1:59 AM,,,46 min,Read Books,,,
2022/1/31,1:26 PM,3:57 PM,,,151 min,Thesis,,,
2022/1/31,6:51 PM,7:21 PM,,,30 min,Data Science & Programming,,,
2022/1/31,9:48 PM,10:48 PM,背单词,,60 min,TOEFL,,,
2022/2/1,10:48 AM,12:11 PM,,,83 min,Data Science & Programming,,,
2022/2/1,12:23 PM,1:23 PM,,,60 min,Data Science & Programming,,,
2022/2/1,3:41 PM,6:13 PM,,,152 min,TOEFL,,,
2022/2/2,11:23 AM,1:03 PM,模考,,100 min,TOEFL,,,
2022/2/2,1:38 PM,2:16 PM,,,37 min,TOEFL,,,
2022/2/2,7:07 PM,8:16 PM,,,69 min,Read Books,,,
2022/2/2,8:16 PM,8:49 PM,,,33 min,Data Science & Programming,,,
2022/2/3,12:24 PM,2:06 PM,,,102 min,Data Science & Programming,,,
2022/2/3,2:41 PM,4:19 PM,,,97 min,TOEFL,,,
2022/2/3,9:35 PM,11:11 PM,,,97 min,TOEFL,,,
2022/2/4,12:18 AM,1:13 AM,,,56 min,Thesis,,,
2022/2/4,10:40 AM,11:35 AM,urban analytics,,55 min,Read Books,,,
2022/2/4,1:04 PM,2:39 PM,,,95 min,Data Science & Programming,,,
2022/2/4,2:39 PM,3:18 PM,,,39 min,TOEFL,,,
2022/2/4,3:21 PM,4:00 PM,,,39 min,TOEFL,,,
2022/2/4,4:55 PM,6:01 PM,,,66 min,TOEFL,,,
2022/2/4,7:50 PM,8:50 PM,,,59 min,TOEFL,,,
2022/2/5,3:46 PM,4:46 PM,,,60 min,TOEFL,,,
2022/2/5,8:45 PM,10:15 PM,,,90 min,TOEFL,,,
2022/2/7,1:18 PM,2:28 PM,,,70 min,TOEFL,,,
2022/2/7,2:28 PM,4:18 PM,,,110 min,Data Science & Programming,,,
2022/2/7,4:54 PM,5:56 PM,,,63 min,TOEFL,,,
2022/2/7,9:00 PM,11:03 PM,,,123 min,TOEFL,,,
2022/2/7,11:13 PM,11:29 PM,,,16 min,TOEFL,,,
2022/2/8,8:15 AM,8:35 AM,,,20 min,TOEFL,,,
2022/2/8,11:00 AM,12:21 PM,,,81 min,TOEFL,,,
2022/2/8,12:21 PM,1:26 PM,,,65 min,TOEFL,,,
2022/2/16,11:00 AM,12:13 PM,,,73 min,Data Science & Programming,,,
2022/2/16,12:13 PM,1:15 PM,,,62 min,TOEFL,,,
2022/2/16,2:40 PM,2:54 PM,,,14 min,TOEFL,,,
2022/2/16,2:55 PM,6:20 PM,,,205 min,TOEFL,,,
2022/2/17,11:20 AM,1:05 PM,,,105 min,TOEFL,,,
2022/2/17,3:05 PM,4:30 PM,,,85 min,TOEFL,,,
2022/2/17,6:52 PM,7:56 PM,,,64 min,TOEFL,,,
2022/2/18,3:40 PM,5:10 PM,,,90 min,Thesis,,,
2022/2/18,7:11 PM,7:46 PM,改阅读,,35 min,TOEFL,,,
2022/2/18,7:46 PM,8:53 PM,阅读练习,,67 min,TOEFL,,,
2022/2/18,8:53 PM,9:45 PM,改写作,,52 min,TOEFL,,,
2022/2/19,2:57 PM,3:53 PM,,,56 min,Thesis,,,
2022/2/19,4:07 PM,6:27 PM,阅读练习册,,141 min,TOEFL,,,
2022/2/19,6:27 PM,6:49 PM,,,22 min,TOEFL,,,
2022/2/19,11:12 PM,11:50 PM,,,38 min,Data Science & Programming,,,
2022/2/20,3:06 PM,3:35 PM,听力,,29 min,TOEFL,,,
2022/2/20,3:35 PM,4:10 PM,背单词,,35 min,TOEFL,,,
2022/2/20,4:10 PM,5:50 PM,改写作,,100 min,TOEFL,,,
2022/2/20,6:15 PM,6:49 PM,改阅读,,34 min,TOEFL,,,
2022/2/20,7:28 PM,7:42 PM,改听力,,14 min,TOEFL,,,
2022/2/20,7:46 PM,8:28 PM,写作,,43 min,TOEFL,,,
2022/2/20,8:10 PM,8:36 PM,改写作,,26 min,TOEFL,,,
2022/2/21,8:30 AM,9:01 AM,复习 + 背单词,,31 min,TOEFL,,,
2022/2/21,9:01 AM,10:44 AM,阅读练习册,,103 min,TOEFL,,,
2022/2/21,1:31 PM,2:51 PM,口语,,80 min,TOEFL,,,
2022/2/21,4:15 PM,5:15 PM,阅读,,60 min,TOEFL,,,
2022/2/21,5:15 PM,5:20 PM,听力,,5 min,TOEFL,,,
2022/2/21,10:11 PM,10:21 PM,听力练习,,10 min,TOEFL,,,
2022/2/21,10:41 PM,11:59 PM,写作练习,,77 min,TOEFL,,,
2022/2/22,12:00 AM,12:06 AM,写作练习,,6 min,TOEFL,,,
2022/2/22,8:19 AM,8:50 AM,计划,,31 min,Personal Growth,,,
2022/2/22,8:50 AM,11:45 AM,写论文,,175 min,Thesis,,,
2022/2/22,4:05 PM,6:21 PM,阅读,,136 min,TOEFL,,,
2022/2/23,1:34 PM,4:00 PM,口语task1专题,,136 min,TOEFL,,,
2022/2/23,4:36 PM,5:07 PM,复习和背单词,,31 min,TOEFL,,,
2022/2/23,5:07 PM,5:57 PM,阅读总结,,51 min,TOEFL,,,
2022/2/23,6:03 PM,6:56 PM,阅读vocabulary,,53 min,TOEFL,,,
2022/2/24,2:57 PM,4:34 PM,口语TASK2,口语TASK2,86 min,TOEFL,,,
2022/2/24,4:42 PM,4:52 PM,计划,,9 min,Personal Growth,,,
2022/2/24,4:52 PM,5:57 PM,阅读练习,,65 min,TOEFL,,,
2022/2/24,6:01 PM,6:40 PM,写作,,39 min,TOEFL,,,
2022/2/24,7:00 PM,7:15 PM,写作视频,,15 min,TOEFL,,,
2022/2/24,7:15 PM,8:11 PM,knowledge tree,,56 min,TOEFL,,,
2022/2/24,8:10 PM,8:25 PM,听力,,15 min,TOEFL,,,
2022/2/25,9:26 AM,9:45 AM,计划,,19 min,Personal Growth,,,
2022/2/25,9:49 AM,11:46 AM,写作,,117 min,TOEFL,,,
2022/2/25,2:03 PM,4:28 PM,口语,,145 min,TOEFL,,,
2022/2/25,5:18 PM,5:39 PM,改写作,,21 min,TOEFL,,,
2022/2/25,5:39 PM,7:00 PM,阅读,,81 min,TOEFL,,,
2022/2/26,2:53 PM,4:03 PM,口语TASK3完成,,70 min,TOEFL,,,
2022/2/26,6:10 PM,6:59 PM,阅读official guide,,49 min,TOEFL,,,
2022/2/26,7:05 PM,8:15 PM,阅读练习,,70 min,TOEFL,,,
2022/2/26,11:17 PM,11:59 PM,写作,,42 min,TOEFL,,,
2022/2/27,2:00 PM,3:30 PM,口语task4,,90 min,TOEFL,,,
2022/2/28,12:58 PM,2:08 PM,阅读,,70 min,TOEFL,,,
2022/3/1,1:16 AM,2:16 AM,写作,,60 min,TOEFL,,,
2022/3/1,2:17 PM,3:00 PM,口语一套,,43 min,TOEFL,,,
2022/3/1,3:31 PM,3:59 PM,阅读,,28 min,TOEFL,,,
2022/3/1,4:00 PM,4:30 PM,阅读,,30 min,TOEFL,,,
2022/3/1,5:13 PM,6:03 PM,听力,,50 min,TOEFL,,,
2022/3/1,9:16 PM,9:46 PM,,,30 min,Read Books,,,
2022/3/1,10:14 PM,11:14 PM,写作,,60 min,TOEFL,,,
2022/3/2,10:59 AM,12:12 PM,阅读,,73 min,TOEFL,,,
2022/3/2,1:17 PM,1:57 PM,阅读,,40 min,TOEFL,,,
2022/3/2,2:57 PM,3:57 PM,听力,,60 min,TOEFL,,,
2022/3/2,3:37 PM,4:30 PM,口语,,53 min,TOEFL,,,
2022/3/3,11:59 AM,12:32 PM,阅读,,33 min,TOEFL,,,
2022/3/3,12:32 PM,3:56 PM,,,204 min,TOEFL,,,
2022/3/3,5:09 PM,5:49 PM,口语,,40 min,TOEFL,,,
2022/3/3,9:09 PM,9:40 PM,空间句法教程,,31 min,Read Books,,,
2022/3/3,9:43 PM,10:14 PM,阅读,,30 min,TOEFL,,,
2022/3/4,9:12 AM,9:30 AM,阅读,,18 min,TOEFL,,,
2022/3/4,9:46 AM,10:00 AM,阅读,,13 min,TOEFL,,,
2022/3/4,10:00 AM,10:20 AM,阅读,,20 min,TOEFL,,,
2022/3/4,10:20 AM,10:23 AM,阅读,,2 min,TOEFL,,,
2022/3/4,10:25 AM,10:45 AM,阅读,,20 min,TOEFL,,,
2022/3/4,10:45 AM,11:58 AM,听力,,73 min,TOEFL,,,
2022/3/4,11:58 AM,12:30 PM,写作,,32 min,TOEFL,,,
2022/3/4,3:53 PM,5:53 PM,口语,,120 min,TOEFL,,,
2022/3/4,9:17 PM,10:17 PM,复习,,60 min,TOEFL,,,
2022/3/4,10:17 PM,11:07 PM,写作,,50 min,TOEFL,,,
2022/3/6,7:40 PM,8:06 PM,,,26 min,Personal Growth,,,
2022/3/6,8:06 PM,8:40 PM,,,33 min,Data Science & Programming,,,
2022/3/6,9:51 PM,10:54 PM,,,63 min,Read Books,,,
2022/3/7,3:04 PM,4:00 PM,应付城设,,56 min,Homework,,,
2022/3/8,1:23 AM,3:53 AM,应付城设,,150 min,Homework,,,
2022/3/8,9:49 PM,11:23 PM,,,93 min,Read Books,,,
2022/3/9,8:37 AM,11:16 AM,民族志,,129 min,Thesis,,,
2022/3/9,3:17 PM,5:19 PM,民族志,,122 min,Thesis,,,
2022/3/9,8:21 PM,9:21 PM,民族志,,60 min,Thesis,,,
2022/3/9,9:22 PM,9:48 PM,绿地规划,,25 min,Homework,,,
2022/3/9,10:19 PM,11:05 PM,空间句法,文献阅读,47 min,Thesis,,,
2022/3/10,10:14 AM,11:14 AM,投实习简历,,60 min,Personal Growth,,,
2022/3/10,11:53 AM,12:13 PM,space syntax,,20 min,Thesis,,,
2022/3/10,2:37 PM,4:09 PM,space syntax,看论文,91 min,Thesis,,,
2022/3/10,4:51 PM,5:48 PM,financial support application,,57 min,Personal Growth,,,
2022/3/10,9:38 PM,10:21 PM,space syntax,,43 min,Thesis,,,
2022/3/10,10:39 PM,11:11 PM,看书,,32 min,Read Books,,,
2022/3/11,1:01 PM,1:56 PM,PROBABILITY,,56 min,Data Science & Programming,,,
2022/3/11,2:23 PM,3:39 PM,space syntax,,75 min,Thesis,,,
2022/3/11,4:08 PM,4:15 PM,space syntax,,8 min,Thesis,,,
2022/3/11,4:15 PM,4:50 PM,,,35 min,Data Science & Programming,,,
2022/3/12,11:39 AM,12:09 PM,,,30 min,Data Science & Programming,,,
2022/3/12,12:46 PM,1:56 PM,,,69 min,Data Science & Programming,,,
2022/3/13,11:53 AM,1:16 PM,,,52 min,Data Science & Programming,,,
2022/3/13,2:08 PM,2:23 PM,,,15 min,Homework,,,
2022/3/13,4:25 PM,5:26 PM,,,61 min,Thesis,,,
2022/3/13,9:23 PM,10:23 PM,WEEKLY REFLECTION,,60 min,Personal Growth,,,
2022/3/14,8:28 AM,12:28 PM,DEBUG,,240 min,Data Science & Programming,,,
2022/3/14,2:13 PM,3:52 PM,PROBABILITY,,99 min,Data Science & Programming,,,
2022/3/14,4:12 PM,5:00 PM,SPACE SYNTAX,,47 min,Thesis,,,
2022/3/14,7:56 PM,9:52 PM,,,116 min,Homework,,,
2022/3/15,8:34 AM,9:32 AM,PROBABILITY,,58 min,Data Science & Programming,,,
2022/3/15,10:36 AM,11:01 AM,wtf python,,25 min,Data Science & Programming,,,
2022/3/15,11:02 AM,12:48 PM,找实习,,106 min,Personal Growth,,,
2022/3/15,2:54 PM,4:54 PM,修改,,120 min,Thesis,,,
2022/3/15,5:55 PM,6:40 PM,,,45 min,GRE,,,
2022/3/15,9:55 PM,10:55 PM,投简历,,60 min,Personal Growth,,,
2022/3/16,9:00 AM,11:13 AM,PROBABILITY,,133 min,Data Science & Programming,,,
2022/3/16,11:13 AM,11:23 AM,,,10 min,Homework,,,
2022/3/16,11:30 AM,12:14 PM,,,42 min,GRE,,,
2022/3/17,8:46 AM,10:00 AM,PROBABILITY,,74 min,Data Science & Programming,,,
2022/3/17,10:48 AM,11:54 AM,PROBABILITY,,67 min,Data Science & Programming,,,
2022/3/17,3:16 PM,4:34 PM,SPACE SYNTAX,,77 min,Thesis,,,
2022/3/18,3:51 PM,4:27 PM,,,36 min,Data Science & Programming,,,
2022/3/19,2:50 PM,4:30 PM,,,100 min,Data Science & Programming,,,
2022/3/20,4:53 PM,5:15 PM,ETHNOGRAPHY,,22 min,Thesis,,,
2022/3/21,1:02 PM,4:28 PM,ETHNOGRAPHY,,206 min,Thesis,,,
2022/3/21,4:54 PM,5:17 PM,,,23 min,Data Science & Programming,,,
2022/3/21,8:51 PM,11:21 PM,URBAN DESIGN,,150 min,Homework,,,
2022/3/22,9:39 AM,10:53 AM,PROBABILITY,,74 min,Data Science & Programming,,,
2022/3/22,2:30 PM,5:03 PM,ETHNOGRAPHY,,153 min,Thesis,,,
2022/3/22,9:45 PM,11:35 PM,,,110 min,Read Books,,,
2022/3/23,8:46 AM,8:51 AM,,,5 min,Thesis,,,
2022/3/23,10:43 AM,11:03 AM,VOCABULARY,,20 min,GRE,,,
2022/3/23,3:45 PM,6:05 PM,,,140 min,Thesis,,,
2022/3/23,6:05 PM,6:25 PM,VOCABULARY,,20 min,GRE,,,
2022/3/23,7:30 PM,8:18 PM,ETHNOGRAPHY,,48 min,Thesis,,,
2022/3/23,10:40 PM,10:55 PM,SPACE SYNTAX,,15 min,Thesis,,,
2022/3/25,2:09 PM,4:18 PM,PROBABILITY,,129 min,Data Science & Programming,,,
2022/3/26,1:56 PM,3:39 PM,PROBABILITY,,102 min,Data Science & Programming,,,
2022/3/26,4:01 PM,5:00 PM,PROBABILITY,,59 min,Data Science & Programming,,,
2022/3/26,7:54 PM,8:30 PM,PROBABILITY,,36 min,Data Science & Programming,,,
2022/3/26,8:30 PM,9:55 PM,VOCABULARY,,85 min,GRE,,,
2022/3/27,8:30 AM,9:10 AM,VOCABULARY,,40 min,GRE,,,
2022/3/27,9:30 AM,11:00 AM,PROBABILITY,,90 min,Data Science & Programming,,,
2022/3/27,2:16 PM,5:26 PM,PROBABILITY,,190 min,Data Science & Programming,,,
2022/3/27,10:32 PM,11:00 PM,VOCABULARY,,28 min,GRE,,,
2022/3/28,9:14 AM,9:54 AM,PROBABILITY,,40 min,Data Science & Programming,,,
2022/3/28,10:01 AM,10:56 AM,PROBABILITY,,54 min,Data Science & Programming,,,
2022/3/28,3:40 PM,5:25 PM,,,104 min,Data Science & Programming,,,
2022/3/28,9:53 PM,10:30 PM,SPACE SYNTAX,,37 min,Thesis,,,
2022/3/29,9:26 AM,10:23 AM,ETHNOGRAPHY,,57 min,Thesis,,,
2022/3/29,3:01 PM,4:21 PM,ETHNOGRAPHY,,80 min,Thesis,,,
2022/3/30,12:19 PM,2:39 PM,ETHNOGRAPHY,,140 min,Thesis,,,
2022/3/30,5:59 PM,6:59 PM,ETHNOGRAPHY,,59 min,Thesis,,,
2022/3/31,2:18 PM,4:57 PM,,,159 min,Homework,,,
2022/4/1,10:47 AM,11:51 AM,MOCK TEST,,64 min,GRE,,,
2022/4/1,11:52 AM,12:52 PM,MOCK TEST,,60 min,GRE,,,
2022/4/1,3:16 PM,4:13 PM,MOCK TEST,,57 min,GRE,,,
2022/4/1,5:28 PM,5:59 PM,VOCABULARY,,31 min,GRE,,,
2022/4/2,10:37 AM,11:34 AM,VOCABULARY,,57 min,GRE,,,
2022/4/2,2:22 PM,3:38 PM,SPACE SYNTAX,,75 min,Thesis,,,
2022/4/3,7:41 PM,9:30 PM,,,109 min,Read Books,,,
2022/4/4,9:52 AM,10:35 AM,ETHNOGRAPHY,,43 min,Thesis,,,
2022/4/4,2:43 PM,6:06 PM,ETHNOGRAPHY,,203 min,Thesis,,,
2022/4/4,9:29 PM,10:40 PM,VOCABULARY,,71 min,GRE,,,
2022/4/4,10:40 PM,10:57 PM,PYTHON,,17 min,Data Science & Programming,,,
2022/4/5,12:19 PM,1:20 PM,ETHNOGRAPHY,,61 min,Thesis,,,
2022/4/5,1:58 PM,10:58 PM,,,540 min,Data Science & Programming,,,
2022/4/6,8:10 AM,11:00 AM,,,170 min,Data Science & Programming,,,
2022/4/6,11:40 AM,12:00 PM,ETHNOGRAPHY,,20 min,Thesis,,,
2022/4/6,9:05 PM,10:13 PM,OFFICIAL GUIDE,,68 min,GRE,,,
2022/4/6,10:14 PM,10:24 PM,QUANT,,10 min,GRE,,,
2022/4/7,8:06 AM,9:27 AM,WRITING,,80 min,GRE,,,
2022/4/7,9:27 AM,9:50 AM,SOP,,23 min,Personal Growth,,,
2022/4/7,9:50 AM,11:30 AM,WRITING,,101 min,GRE,,,
2022/4/10,11:45 AM,3:54 PM,WRITING,,241 min,GRE,,,
2022/4/10,9:08 PM,10:11 PM,,,63 min,Data Science & Programming,,,
2022/4/10,10:41 PM,11:13 PM,WEEKLY REFLECTION,,31 min,Personal Growth,,,
2022/4/11,10:59 AM,1:29 PM,SPACE SYNTAX,,138 min,Thesis,,,
2022/4/11,1:46 PM,4:00 PM,OVERALL,,126 min,GRE,,,
2022/4/11,4:00 PM,4:48 PM,QUANT,,48 min,GRE,,,
2022/4/11,10:36 PM,11:15 PM,WRITING,,40 min,GRE,,,
2022/4/12,11:14 AM,12:21 PM,OVERALL,,67 min,GRE,,,
2022/4/12,1:58 PM,2:35 PM,OVERALL,,37 min,GRE,,,
2022/4/12,3:04 PM,4:00 PM,VERBAL,,56 min,GRE,,,
2022/4/12,4:00 PM,4:40 PM,QUANT,,40 min,GRE,,,
2022/4/13,1:42 PM,4:01 PM,QUANT,,139 min,GRE,,,
2022/4/13,4:43 PM,4:50 PM,VERBAL,,7 min,GRE,,,
2022/4/15,10:16 AM,11:39 AM,QUANT,,83 min,GRE,,,
2022/4/15,1:52 PM,3:02 PM,VERBAL,,70 min,GRE,,,
2022/4/18,2:16 PM,5:56 PM,VOCABULARY,,220 min,GRE,,,
2022/4/18,8:50 PM,9:29 PM,ETHNOGRAPHY,,40 min,Thesis,,,
2022/4/18,11:41 PM,11:59 PM,VOCABULARY,,18 min,GRE,,,
2022/4/19,10:22 AM,1:41 PM,VOCABULARY,,199 min,GRE,,,
2022/4/19,7:00 PM,8:20 PM,ETHNOGRAPHY,,80 min,Thesis,,,
2022/4/19,10:09 PM,11:57 PM,ETHNOGRAPHY,,108 min,Thesis,,,
2022/4/20,10:34 AM,12:19 PM,ETHNOGRAPHY,,104 min,Thesis,,,
2022/4/21,10:25 AM,1:25 PM,,,180 min,Exam Prepare,,,
2022/4/22,8:31 AM,10:20 AM,,,79 min,Homework,,,
2022/4/22,10:20 AM,11:10 AM,,,49 min,Work,,,
2022/4/22,2:31 PM,3:15 PM,,,44 min,Homework,,,
2022/4/24,1:55 PM,4:15 PM,VOCABULARY,,139 min,GRE,,,
2022/4/24,11:26 PM,11:40 PM,ETHNOGRAPHY,,14 min,Thesis,,,
2022/4/25,12:00 AM,12:11 AM,ETHNOGRAPHY,,11 min,Thesis,,,
2022/4/25,3:04 PM,4:13 PM,VOCABULARY,,53 min,GRE,,,
2022/4/25,5:29 PM,5:59 PM,ETHNOGRAPHY,,30 min,Thesis,,,
2022/4/25,8:30 PM,9:35 PM,ETHNOGRAPHY,,65 min,Thesis,,,
2022/4/30,3:00 PM,5:00 PM,ETHNOGRAPHY,,120 min,Thesis,,,
2022/4/30,9:00 PM,11:59 PM,ETHNOGRAPHY,,165 min,Thesis,,,
2022/5/1,2:03 PM,4:57 PM,ETHNOGRAPHY,,174 min,Thesis,,,
2022/5/5,8:54 AM,11:46 AM,,,172 min,Work,,,
2022/5/5,1:37 PM,5:34 PM,,,237 min,Work,,,
2022/5/5,11:17 PM,11:55 PM,,,37 min,Data Science & Programming,,,
2022/5/6,9:05 AM,10:39 AM,,,94 min,Thesis,,,
2022/5/6,10:39 AM,12:41 PM,,,122 min,Work,,,
2022/5/6,1:30 PM,5:41 PM,,,251 min,Work,,,
2022/5/6,7:00 PM,7:19 PM,,,20 min,Homework,,,
2022/5/7,9:45 AM,12:31 PM,,,166 min,Work,,,
2022/5/7,1:31 PM,5:32 PM,,,242 min,Work,,,
2022/5/8,2:31 PM,6:31 PM,,,240 min,Data Science & Programming,,,
2022/5/9,9:44 AM,12:15 PM,,,151 min,Work,,,
2022/5/9,2:15 PM,5:34 PM,,,198 min,Work,,,
2022/5/10,6:47 AM,10:30 AM,,,223 min,Thesis,,,
2022/5/11,10:28 AM,11:53 AM,,,85 min,Work,,,
2022/5/11,2:01 PM,6:43 PM,,,282 min,Work,,,
2022/5/12,9:28 AM,11:30 AM,,,122 min,Work,,,
2022/5/12,1:55 PM,5:32 PM,,,217 min,Work,,,
2022/5/13,10:19 AM,11:39 AM,,,80 min,Thesis,,,
2022/5/13,2:50 PM,4:50 PM,,,120 min,Thesis,,,
2022/5/14,9:52 AM,11:58 AM,,,125 min,Thesis,,,
2022/5/14,4:06 PM,6:16 PM,,,129 min,Thesis,,,
2022/5/15,1:41 PM,4:52 PM,,,191 min,Thesis,,,
2022/5/16,9:34 AM,12:22 PM,,,168 min,Personal Growth,,,
2022/5/16,1:50 PM,6:05 PM,,,255 min,Work,,,
2022/5/17,9:00 AM,11:00 AM,,,120 min,Work,,,
2022/5/17,2:00 PM,5:30 PM,,,209 min,Work,,,
2022/5/17,7:44 PM,8:24 PM,,,40 min,Personal Growth,,,
2022/5/18,8:59 AM,9:25 AM,,,26 min,Data Science & Programming,,,
2022/5/18,9:32 AM,12:47 PM,,,194 min,Work,,,
2022/5/18,2:10 PM,5:43 PM,,,213 min,Work,,,
2022/5/18,8:53 PM,9:43 PM,,,50 min,Thesis,,,
2022/5/19,1:51 PM,5:30 PM,,,218 min,Work,,,
2022/5/19,8:48 PM,10:33 PM,,,105 min,Homework,,,
2022/5/20,8:52 AM,9:08 AM,,,15 min,Thesis,,,
2022/5/20,9:31 AM,3:31 PM,,,360 min,Work,,,
2022/5/20,3:31 PM,5:45 PM,,,134 min,Work,,,
2022/5/21,10:06 PM,10:50 PM,,,43 min,Thesis,,,
2022/5/21,11:04 PM,11:18 PM,,,14 min,Data Science & Programming,,,
2022/5/22,10:30 AM,11:30 AM,,,60 min,Work,,,
2022/5/22,1:30 PM,6:15 PM,,,285 min,Work,,,
2022/5/22,9:57 PM,10:56 PM,,,60 min,Exam Prepare,,,
2022/5/23,9:05 AM,10:08 AM,,,63 min,Data Science & Programming,,,
2022/5/23,10:08 AM,11:30 AM,,,82 min,Thesis,,,
2022/5/23,2:16 PM,4:19 PM,,,123 min,Thesis,,,
2022/5/23,7:37 PM,8:55 PM,,,78 min,Homework,,,
2022/5/24,10:30 AM,11:35 AM,,,65 min,Work,,,
2022/5/24,1:44 PM,5:30 PM,,,225 min,Work,,,
2022/5/24,9:31 PM,9:51 PM,,,19 min,Data Science & Programming,,,
2022/5/25,11:17 AM,12:01 PM,,,44 min,Work,,,
2022/5/25,1:50 PM,4:52 PM,,,182 min,Work,,,
2022/5/26,9:05 AM,9:51 AM,,,46 min,Thesis,,,
2022/5/26,1:51 PM,5:43 PM,,,232 min,Work,,,
2022/5/27,9:06 AM,10:10 AM,,,65 min,Data Science & Programming,,,
2022/5/27,10:11 AM,11:52 AM,,,101 min,Work,,,
2022/5/27,2:02 PM,5:36 PM,,,214 min,Work,,,
2022/5/27,10:48 PM,11:21 PM,,,33 min,Exam Prepare,,,
2022/5/28,2:31 PM,3:51 PM,,,80 min,Data Science & Programming,,,
2022/5/28,4:57 PM,5:40 PM,,,43 min,Data Science & Programming,,,
2022/5/28,8:16 PM,8:46 PM,,,30 min,Data Science & Programming,,,
2022/5/28,9:10 PM,9:30 PM,,,20 min,Personal Growth,,,
2022/5/28,11:52 PM,11:59 PM,,,7 min,Exam Prepare,,,
2022/5/29,12:00 AM,12:02 AM,,,2 min,Exam Prepare,,,
2022/5/29,12:01 AM,12:10 AM,,,9 min,Exam Prepare,,,
2022/5/29,10:45 AM,11:22 AM,,,37 min,Data Science & Programming,,,
2022/5/29,3:32 PM,4:35 PM,,,63 min,Data Science & Programming,,,
2022/5/29,5:44 PM,6:06 PM,,,23 min,Data Science & Programming,,,
2022/5/30,9:30 AM,11:38 AM,,,127 min,Work,,,
2022/5/30,2:07 PM,6:17 PM,,,250 min,Work,,,
2022/5/30,6:34 PM,8:15 PM,,,101 min,Work,,,
2022/5/31,9:33 AM,12:45 PM,,,191 min,Work,,,
2022/5/31,9:06 PM,11:08 PM,,,122 min,Thesis,,,
2022/6/1,9:25 AM,11:40 AM,,,134 min,Work,,,
2022/6/1,1:50 PM,5:31 PM,,,220 min,Work,,,
2022/6/2,3:51 PM,6:40 PM,,,169 min,Thesis,,,
2022/6/2,7:46 PM,9:47 PM,,,121 min,Thesis,,,
2022/6/3,2:21 PM,5:14 PM,,,173 min,Thesis,,,
2022/6/3,6:05 PM,6:33 PM,,,29 min,Thesis,,,
2022/6/3,8:44 PM,9:06 PM,,,22 min,Personal Growth,,,
2022/6/4,11:09 PM,11:44 PM,,,35 min,Exam Prepare,,,
2022/6/5,9:43 AM,10:49 AM,,,66 min,Exam Prepare,,,
2022/6/5,2:18 PM,5:50 PM,,,211 min,Exam Prepare,,,
2022/6/5,7:58 PM,10:11 PM,,,133 min,Homework,,,
2022/6/6,9:40 AM,10:42 AM,,,62 min,Exam Prepare,,,
2022/6/6,10:44 AM,12:25 PM,,,101 min,Homework,,,
2022/6/6,2:40 PM,4:40 PM,,,119 min,Homework,,,
2022/6/6,4:58 PM,7:42 PM,,,164 min,Homework,,,
2022/6/6,10:29 PM,11:02 PM,,,33 min,Exam Prepare,,,
2022/6/7,8:14 AM,1:00 PM,,,286 min,Exam Prepare,,,
2022/6/7,3:45 PM,5:45 PM,,,120 min,Exam Prepare,,,
2022/6/7,9:04 PM,9:57 PM,,,53 min,Thesis,,,
2022/6/8,9:41 AM,11:34 AM,,,114 min,Work,,,
2022/6/8,1:35 PM,5:51 PM,,,256 min,Work,,,
2022/6/8,10:42 PM,11:14 PM,,,32 min,Thesis,,,
2022/6/9,9:40 AM,12:01 PM,,,141 min,Work,,,
2022/6/9,1:44 PM,5:56 PM,,,251 min,Work,,,
2022/6/9,7:38 PM,9:58 PM,,,140 min,Homework,,,
2022/6/10,10:00 AM,11:33 AM,,,92 min,Work,,,
2022/6/10,1:33 PM,4:30 PM,,,177 min,Work,,,
2022/6/11,1:28 PM,3:46 PM,,,138 min,Thesis,,,
2022/6/11,4:17 PM,5:49 PM,,,92 min,Thesis,,,
2022/6/11,7:07 PM,8:15 PM,,,68 min,Thesis,,,
2022/6/12,12:54 PM,3:16 PM,,,142 min,Homework,,,
2022/6/12,3:54 PM,5:13 PM,,,79 min,Homework,,,
2022/6/12,9:54 PM,11:13 PM,,,79 min,Personal Growth,,,
2022/6/12,11:13 PM,11:30 PM,,,17 min,Thesis,,,
2022/6/13,8:35 AM,9:35 AM,,,59 min,Thesis,,,
2022/6/13,9:35 AM,12:07 PM,,,152 min,Work,,,
2022/6/13,1:49 PM,3:38 PM,,,109 min,Thesis,,,
2022/6/13,4:53 PM,5:31 PM,,,37 min,Thesis,,,
2022/6/13,7:40 PM,9:43 PM,,,123 min,Thesis,,,
2022/6/13,10:59 PM,11:59 PM,,,60 min,Homework,,,
2022/6/14,12:00 AM,12:10 AM,,,10 min,Homework,,,
2022/6/14,8:15 AM,10:48 AM,,,153 min,Homework,,,
2022/6/14,10:48 AM,11:28 AM,,,40 min,Thesis,,,
2022/6/14,2:00 PM,5:56 PM,,,236 min,Thesis,,,
2022/6/14,7:53 PM,9:36 PM,,,103 min,Thesis,,,
2022/6/15,8:22 AM,11:29 AM,,,187 min,Thesis,,,
2022/6/15,1:31 PM,2:01 PM,,,30 min,Thesis,,,
2022/6/15,2:04 PM,4:02 PM,,,119 min,Work,,,
2022/6/15,4:07 PM,5:57 PM,,,110 min,Thesis,,,
2022/6/15,8:20 PM,11:06 PM,,,166 min,Homework,,,
2022/6/16,10:20 AM,11:36 AM,,,76 min,Homework,,,
2022/6/16,2:16 PM,4:43 PM,,,147 min,Homework,,,
2022/6/16,7:13 PM,10:33 PM,,,154 min,Homework,,,
2022/6/17,8:25 AM,2:57 PM,,,392 min,Thesis,,,
2022/6/17,3:57 PM,6:20 PM,,,143 min,Thesis,,,
2022/6/17,8:50 PM,10:51 PM,,,121 min,Thesis,,,
2022/6/18,9:40 AM,3:29 PM,,,349 min,Thesis,,,
2022/6/18,4:29 PM,9:28 PM,,,299 min,Thesis,,,
2022/6/19,9:59 AM,2:00 PM,,,241 min,Thesis,,,
2022/6/19,8:21 PM,11:32 PM,,,191 min,Thesis,,,
2022/6/20,9:59 AM,3:59 PM,,,360 min,Thesis,,,
2022/6/22,9:18 AM,9:50 AM,,,31 min,GRE,,,
2022/6/22,9:57 AM,12:15 PM,,,138 min,Work,,,
2022/6/22,1:31 PM,2:01 PM,,,30 min,GRE,,,
2022/6/22,2:02 PM,3:35 PM,,,93 min,Work,,,
2022/6/22,3:35 PM,4:13 PM,,,39 min,GRE,,,
2022/6/22,4:14 PM,5:00 PM,,,45 min,Personal Growth,,,
2022/6/22,8:35 PM,9:19 PM,,,45 min,Read Books,,,
2022/6/23,8:55 AM,10:15 AM,,,79 min,GRE,,,
2022/6/23,2:00 PM,3:09 PM,,,69 min,GRE,,,
2022/6/23,3:09 PM,5:31 PM,,,141 min,Homework,,,
2022/6/24,9:24 AM,10:25 AM,,,61 min,Data Science & Programming,,,
2022/6/24,10:41 AM,11:35 AM,,,28 min,GRE,,,
2022/6/24,1:31 PM,2:15 PM,,,45 min,Personal Growth,,,
2022/6/24,2:15 PM,4:59 PM,,,158 min,GRE,,,
2022/6/26,3:33 PM,5:40 PM,,,127 min,Personal Growth,,,
2022/6/26,6:06 PM,8:42 PM,,,156 min,Personal Growth,,,
2022/6/27,11:02 AM,11:54 AM,,,52 min,Exam Prepare,,,
2022/6/27,1:24 PM,3:25 PM,,,121 min,Exam Prepare,,,
2022/6/27,3:27 PM,4:46 PM,,,78 min,Homework,,,
2022/6/27,7:38 PM,8:29 PM,,,51 min,Exam Prepare,,,
2022/6/28,9:02 AM,10:40 AM,,,98 min,GRE,,,
2022/6/28,10:42 AM,11:43 AM,,,61 min,Exam Prepare,,,
2022/6/28,2:30 PM,4:39 PM,,,111 min,Exam Prepare,,,
2022/6/28,10:19 PM,11:17 PM,,,18 min,Exam Prepare,,,
2022/6/29,9:56 AM,11:56 AM,,,120 min,Exam Prepare,,,
2022/6/29,1:47 PM,2:46 PM,,,47 min,GRE,,,
2022/6/29,2:46 PM,4:06 PM,,,80 min,GRE,,,
2022/6/30,9:50 AM,3:39 PM,,,350 min,Homework,,,
2022/7/1,2:58 PM,3:58 PM,,,60 min,Homework,,,
2022/7/1,10:58 PM,11:58 PM,,,60 min,Data Science & Programming,,,
2022/7/2,10:10 AM,12:24 PM,,,134 min,Homework,,,
2022/7/2,2:22 PM,2:37 PM,,,14 min,Personal Growth,,,
2022/7/2,2:37 PM,5:17 PM,,,160 min,Homework,,,
2022/7/3,10:11 AM,12:28 PM,,,137 min,Homework,,,
2022/7/3,2:18 PM,4:22 PM,,,123 min,Homework,,,
2022/7/4,9:56 AM,10:15 AM,,,19 min,Personal Growth,,,
2022/7/4,10:15 AM,12:41 PM,,,145 min,Data Science & Programming,,,
2022/7/4,1:40 PM,2:30 PM,,,50 min,Data Science & Programming,,,
2022/7/4,3:20 PM,5:04 PM,,,104 min,Homework,,,
2022/7/5,8:49 AM,9:15 AM,,,26 min,Personal Growth,,,
2022/7/5,9:16 AM,10:43 AM,,,86 min,Data Science & Programming,,,
2022/7/5,3:42 PM,5:52 PM,,,130 min,Homework,,,
2022/7/5,10:30 PM,10:41 PM,,,11 min,Data Science & Programming,,,
2022/7/6,9:48 AM,1:07 PM,,,199 min,GRE,,,
2022/7/6,4:05 PM,6:09 PM,,,124 min,Homework,,,
2022/7/7,9:47 AM,11:57 AM,,,129 min,Data Science & Programming,,,
2022/7/7,1:14 PM,5:25 PM,,,251 min,Homework,,,
2022/7/8,10:07 AM,10:24 AM,,,17 min,GRE,,,
2022/7/8,10:24 AM,12:40 PM,,,136 min,Homework,,,
2022/7/10,11:26 PM,11:50 PM,,,24 min,Homework,,,
2022/7/11,12:01 AM,1:31 AM,,,90 min,Data Science & Programming,,,
2022/7/11,9:00 AM,4:43 PM,,,298 min,Data Science & Programming,,,
2022/7/12,2:25 PM,4:48 PM,,,143 min,Data Science & Programming,,,
2022/7/12,10:56 PM,11:59 PM,,,63 min,Data Science & Programming,,,
2022/7/13,12:00 AM,12:30 AM,,,30 min,Data Science & Programming,,,
2022/7/13,9:00 AM,10:00 AM,,,60 min,Data Science & Programming,,,
2022/7/13,1:36 PM,3:44 PM,,,128 min,GRE,,,
2022/7/13,4:03 PM,5:13 PM,,,70 min,GRE,,,
2022/7/14,2:37 PM,5:07 PM,,,149 min,Data Science & Programming,,,
2022/7/14,8:27 PM,11:59 PM,,,212 min,Data Science & Programming,,,
2022/7/15,12:00 AM,12:11 AM,,,11 min,Data Science & Programming,,,
2022/7/15,1:15 PM,1:30 PM,,,15 min,Data Science & Programming,,,
2022/7/16,1:00 PM,3:17 PM,,,138 min,Personal Growth,,,
2022/7/17,11:45 AM,1:20 PM,,,94 min,GRE,,,
2022/7/17,2:20 PM,4:30 PM,,,129 min,GRE,,,
2022/7/17,9:59 PM,10:47 PM,,,48 min,Personal Growth,,,
2022/7/18,9:38 AM,11:39 AM,,,120 min,GRE,,,
2022/7/18,1:35 PM,2:57 PM,,,82 min,GRE,,,
2022/7/19,3:15 PM,6:40 PM,,,205 min,Data Science & Programming,,,
2022/7/19,8:51 PM,10:27 PM,,,95 min,Data Science & Programming,,,
2022/7/20,11:28 AM,12:18 PM,,,49 min,GRE,,,
2022/7/20,1:28 PM,1:56 PM,,,27 min,GRE,,,
2022/7/20,4:02 PM,5:24 PM,,,82 min,GRE,,,
2022/7/20,5:28 PM,6:36 PM,,,68 min,Data Science & Programming,,,
2022/7/21,9:19 AM,12:25 PM,,,186 min,GRE,,,
2022/7/21,9:11 PM,10:14 PM,,,63 min,GRE,,,
2022/7/22,10:03 AM,12:42 PM,,,158 min,Data Science & Programming,,,
2022/7/22,2:47 PM,4:52 PM,,,125 min,Data Science & Programming,,,
2022/7/23,1:04 PM,4:15 PM,,,191 min,Data Science & Programming,,,
2022/7/23,8:19 PM,9:49 PM,,,90 min,Data Science & Programming,,,
2022/7/24,8:53 PM,10:12 PM,,,80 min,GRE,,,
2022/7/25,9:59 AM,1:59 PM,,,240 min,GRE,,,
2022/7/27,11:49 AM,1:00 PM,,,70 min,Data Science & Programming,,,
2022/7/29,10:37 AM,12:36 PM,,,119 min,Data Science & Programming,,,
2022/7/29,2:47 PM,5:26 PM,,,158 min,Data Science & Programming,,,
2022/7/30,10:21 AM,11:59 AM,,,98 min,Data Science & Programming,,,
2022/7/30,2:06 PM,4:07 PM,,,122 min,Data Science & Programming,,,
2022/7/30,10:51 PM,11:46 PM,,,54 min,Personal Growth,,,
2022/7/31,9:45 AM,11:49 AM,,,124 min,Data Science & Programming,,,
2022/7/31,3:09 PM,4:07 PM,,,57 min,Data Science & Programming,,,
2022/7/31,7:29 PM,8:16 PM,,,46 min,Data Science & Programming,,,
2022/7/31,8:40 PM,9:03 PM,,,24 min,Data Science & Programming,,,
2022/8/1,9:32 AM,1:21 PM,,,229 min,Data Science & Programming,,,
2022/8/2,12:03 AM,12:29 AM,,,26 min,Personal Growth,,,
2022/8/2,1:16 PM,1:50 PM,,,34 min,Data Science & Programming,,,
2022/8/3,1:39 PM,4:06 PM,,,147 min,Thesis,,,
2022/8/4,10:44 AM,12:23 PM,,,98 min,Thesis,,,
2022/8/4,1:29 PM,3:31 PM,,,121 min,Thesis,,,
2022/8/11,11:07 AM,12:14 PM,,,67 min,Data Science & Programming,,,
2022/8/12,10:22 PM,11:47 PM,,,85 min,Personal Growth,,,
2022/8/13,10:28 AM,2:03 PM,,,204 min,Data Science & Programming,,,
2022/8/13,5:07 PM,8:09 PM,,,183 min,Data Science & Programming,,,
2022/8/14,10:07 PM,11:37 PM,,,90 min,Personal Growth,,,
2022/8/15,10:58 AM,12:58 PM,,,120 min,Personal Growth,,,
2022/8/16,10:30 AM,1:30 PM,,,180 min,Personal Growth,,,
2022/8/16,2:26 PM,5:01 PM,,,155 min,Data Science & Programming,,,
2022/8/17,10:51 AM,11:40 AM,,,49 min,Personal Growth,,,
2022/8/18,11:33 AM,2:37 PM,,,183 min,Data Science & Programming,,,
2022/8/19,7:27 PM,9:47 PM,,,140 min,Work,,,
2022/8/20,10:49 PM,11:59 PM,,,69 min,Work,,,
2022/8/21,12:00 AM,12:26 AM,,,26 min,Data Science & Programming,,,
2022/8/22,11:49 AM,2:30 PM,,,160 min,Data Science & Programming,,,
2022/8/22,3:56 PM,4:13 PM,,,17 min,Data Science & Programming,,,
2022/8/22,4:13 PM,5:46 PM,,,92 min,Personal Growth,,,
2022/8/23,12:50 PM,1:56 PM,,,66 min,Work,,,
2022/8/23,2:59 PM,5:29 PM,,,150 min,Work,,,
2022/8/24,2:02 PM,4:54 PM,,,171 min,Work,,,
2022/8/24,8:26 PM,10:26 PM,,,120 min,Work,,,
2022/8/25,12:11 PM,2:57 PM,,,165 min,Work,,,
2022/8/25,4:37 PM,6:06 PM,,,88 min,Work,,,
2022/8/26,1:33 PM,3:08 PM,,,94 min,Work,,,
2022/8/26,8:58 PM,9:24 PM,,,26 min,Homework,,,
2022/8/26,9:57 PM,11:34 PM,,,97 min,Work,,,
2022/8/27,1:08 PM,1:40 PM,,,32 min,Work,,,
2022/8/27,8:08 PM,10:11 PM,,,123 min,Work,,,
2022/8/28,10:24 AM,11:59 AM,,,95 min,Work,,,
2022/8/28,2:00 PM,5:00 PM,,,180 min,Work,,,
2022/8/28,7:22 PM,8:48 PM,,,86 min,Work,,,
2022/8/28,10:31 PM,11:31 PM,,,60 min,Work,,,
2022/8/29,8:32 AM,9:22 AM,,,50 min,Personal Growth,,,
2022/8/29,9:22 AM,11:10 AM,,,108 min,Work,,,
2022/8/30,10:27 AM,11:27 AM,,,60 min,Work,,,
2022/8/30,2:46 PM,5:11 PM,,,145 min,Homework,,,
2022/8/31,4:17 PM,6:03 PM,,,106 min,Homework,,,
2022/8/31,7:18 PM,9:05 PM,,,107 min,Homework,,,
2022/9/1,9:26 AM,12:08 PM,,,163 min,Personal Growth,,,
2022/9/1,3:45 PM,4:29 PM,,,44 min,Work,,,
2022/9/1,7:15 PM,8:02 PM,,,47 min,Work,,,
2022/9/2,10:52 AM,12:11 PM,,,79 min,Personal Growth,,,
2022/9/2,2:41 PM,4:07 PM,,,86 min,Personal Growth,,,
2022/9/2,4:27 PM,5:50 PM,,,82 min,Work,,,
2022/9/3,2:56 PM,4:13 PM,,,77 min,Personal Growth,,,
2022/9/4,3:22 PM,5:22 PM,,,120 min,Personal Growth,,,
2022/9/5,10:12 AM,1:19 PM,,,187 min,Personal Growth,,,
2022/9/5,4:43 PM,5:13 PM,,,30 min,Personal Growth,,,
2022/9/5,9:00 PM,9:47 PM,,,47 min,Work,,,
2022/9/6,9:53 AM,11:54 AM,,,120 min,Personal Growth,,,
2022/9/7,9:50 AM,11:30 AM,,,100 min,Work,,,
2022/9/7,1:32 PM,5:32 PM,,,240 min,Work,,,
2022/9/7,7:33 PM,10:33 PM,,,180 min,Work,,,
2022/9/8,10:20 AM,11:20 AM,,,60 min,Work,,,
2022/9/8,11:26 AM,11:30 AM,,,4 min,Personal Growth,,,
2022/9/10,3:47 PM,4:47 PM,,,60 min,Personal Growth,,,
2022/9/10,7:47 PM,10:47 PM,,,180 min,APPLICATION,,,
2022/9/11,2:11 PM,6:11 PM,,,240 min,Work,,,
2022/9/12,9:58 AM,12:03 PM,,,125 min,APPLICATION,,,
2022/9/12,1:50 PM,4:57 PM,,,187 min,Work,,,
2022/9/12,8:37 PM,10:07 PM,,,90 min,Read Books,,,
2022/9/13,10:35 AM,11:35 AM,,,60 min,APPLICATION,,,
2022/9/13,2:00 PM,6:00 PM,,,240 min,Work,,,
2022/9/15,9:49 AM,11:05 AM,,,76 min,Work,,,
2022/9/15,3:48 PM,5:28 PM,,,100 min,Work,,,
2022/9/15,9:40 PM,10:40 PM,,,60 min,Work,,,
2022/9/16,9:00 AM,9:50 AM,,,50 min,Work,,,
2022/9/16,2:20 PM,5:00 PM,,,160 min,Work,,,
2022/9/18,10:12 AM,12:12 PM,,,120 min,Data Science & Programming,,,
2022/9/18,2:53 PM,5:29 PM,,,155 min,Work,,,
2022/9/19,10:00 AM,10:23 AM,,,23 min,Personal Growth,,,
2022/9/19,10:23 AM,11:54 AM,,,91 min,Data Science & Programming,,,
2022/9/19,3:03 PM,5:43 PM,,,161 min,Work,,,
2022/9/19,9:34 PM,10:34 PM,,,60 min,Work,,,
2022/9/20,10:14 AM,11:14 AM,,,60 min,APPLICATION,,,
2022/9/21,10:15 AM,12:19 PM,,,123 min,Data Science & Programming,,,
2022/9/21,1:00 PM,3:16 PM,,,136 min,Data Science & Programming,,,
2022/9/21,4:47 PM,5:51 PM,,,64 min,Data Science & Programming,,,
2022/9/22,10:05 AM,11:43 AM,,,99 min,Data Science & Programming,,,
2022/9/22,3:16 PM,5:08 PM,,,112 min,Data Science & Programming,,,
2022/9/22,7:39 PM,9:19 PM,,,99 min,APPLICATION,,,
2022/9/23,10:17 AM,11:59 AM,,,102 min,Data Science & Programming,,,
2022/9/24,3:47 PM,5:27 PM,,,100 min,Data Science & Programming,,,
2022/9/24,6:42 PM,9:25 PM,,,163 min,APPLICATION,,,
2022/9/25,10:56 AM,11:12 AM,,,16 min,Data Science & Programming,,,
2022/9/25,1:24 PM,4:45 PM,,,201 min,Data Science & Programming,,,
2022/9/26,10:48 AM,11:28 AM,,,40 min,APPLICATION,,,
2022/9/26,4:41 PM,5:41 PM,,,60 min,Data Science & Programming,,,
2022/9/26,8:40 PM,9:20 PM,,,40 min,Work,,,
2022/9/27,9:40 AM,11:27 AM,,,107 min,Data Science & Programming,,,
2022/9/27,11:31 AM,12:25 PM,,,54 min,Data Science & Programming,,,
2022/9/27,2:32 PM,4:43 PM,,,130 min,Data Science & Programming,,,
2022/9/28,9:33 AM,12:28 PM,,,174 min,Data Science & Programming,,,
2022/9/28,1:00 PM,4:25 PM,,,205 min,Data Science & Programming,,,
2022/9/28,6:00 PM,8:05 PM,,,125 min,Data Science & Programming,,,
2022/9/29,9:45 AM,12:12 PM,,,147 min,Data Science & Programming,,,
2022/9/29,1:12 PM,2:27 PM,,,75 min,Work,,,
2022/9/29,5:30 PM,5:54 PM,,,24 min,APPLICATION,,,
2022/9/29,5:55 PM,8:55 PM,,,180 min,Thesis,,,
2022/9/30,10:50 AM,12:01 PM,,,71 min,Data Science & Programming,,,
2022/10/2,1:02 PM,1:12 PM,,,10 min,Thesis,,,
2022/10/2,1:57 PM,4:18 PM,,,141 min,Thesis,,,
2022/10/2,4:26 PM,6:00 PM,,,94 min,Thesis,,,
2022/10/3,11:20 AM,12:50 PM,VIZ,,90 min,Data Science & Programming,,,
2022/10/3,1:10 PM,5:05 PM,VIZ,,235 min,Data Science & Programming,,,
2022/10/5,2:40 PM,5:40 PM,VIZ,,180 min,Data Science & Programming,,,
2022/10/5,9:40 PM,11:40 PM,VIZ,,120 min,Data Science & Programming,,,
2022/10/6,8:26 AM,9:20 AM,VIZ,,54 min,Data Science & Programming,,,
2022/10/6,10:46 AM,12:40 PM,VIZ,,113 min,Data Science & Programming,,,
2022/10/6,2:40 PM,3:05 PM,VIZ,,25 min,Data Science & Programming,,,
2022/10/6,3:40 PM,5:50 PM,VIZ,,130 min,Data Science & Programming,,,
2022/10/6,8:42 PM,10:31 PM,,,109 min,Data Science & Programming,,,
2022/10/7,10:29 AM,11:29 AM,,,60 min,Data Science & Programming,,,
2022/10/7,1:29 PM,3:47 PM,,,138 min,Data Science & Programming,,,
2022/10/7,10:00 PM,11:29 PM,,,89 min,Data Science & Programming,,,
2022/10/8,10:15 AM,10:49 AM,,,34 min,Thesis,,,
2022/10/8,4:08 PM,5:00 PM,,,52 min,Thesis,,,
2022/10/9,1:30 PM,4:30 PM,,,180 min,APPLICATION,,,
2022/10/9,9:52 PM,10:52 PM,,,60 min,Data Science & Programming,,,
2022/10/10,10:23 AM,12:20 PM,,,116 min,Thesis,,,
2022/10/10,1:28 PM,3:01 PM,,,93 min,Thesis,,,
2022/10/11,3:07 PM,4:27 PM,,,79 min,Data Science & Programming,,,
2022/10/11,6:27 PM,7:19 PM,CYBER SECURITY,,52 min,Data Science & Programming,,,
2022/10/11,8:19 PM,9:59 PM,PLANNING,,100 min,Personal Growth,,,
2022/10/12,8:37 AM,9:19 AM,,,41 min,Data Science & Programming,,,
2022/10/12,3:34 PM,5:34 PM,,build overdress_archive,120 min,Data Science & Programming,,,
2022/10/12,9:34 PM,10:34 PM,,,60 min,APPLICATION,,,
2022/10/13,1:34 PM,3:52 PM,,,138 min,APPLICATION,,,
2022/10/13,3:52 PM,5:00 PM,,,68 min,Data Science & Programming,,,
2022/10/14,10:00 AM,10:59 AM,,,59 min,APPLICATION,,,
2022/10/14,4:59 PM,7:36 PM,,,157 min,Data Science & Programming,,,
2022/10/15,9:26 AM,12:16 PM,,,170 min,Data Science & Programming,,,
2022/10/15,5:48 PM,6:48 PM,,,60 min,APPLICATION,,,
2022/10/16,2:25 PM,3:45 PM,,,79 min,Data Science & Programming,,,
2022/10/16,5:56 PM,7:46 PM,,,110 min,Data Science & Programming,,,
2022/10/17,9:09 PM,10:09 PM,,,60 min,APPLICATION,,,
2022/10/18,12:09 PM,2:09 PM,,,121 min,APPLICATION,,,
2022/10/18,2:36 PM,4:00 PM,,,84 min,APPLICATION,,,
2022/10/18,8:21 PM,10:15 PM,,,114 min,APPLICATION,,,
2022/10/19,1:44 PM,2:46 PM,,,62 min,APPLICATION,,,
2022/10/19,8:49 PM,9:36 PM,,,46 min,Work,,,
2022/10/20,2:17 PM,4:59 PM,,,162 min,APPLICATION,,,
2022/10/20,5:10 PM,7:24 PM,,,134 min,Work,,,
2022/10/21,11:52 AM,3:05 PM,,know the difference between sop and ps,193 min,APPLICATION,,,
2022/10/22,3:05 PM,5:05 PM,,,120 min,APPLICATION,,,
2022/10/22,7:04 PM,10:04 PM,,,180 min,Work,,,
2022/10/23,12:05 PM,2:45 PM,,,160 min,APPLICATION,,,
2022/10/24,9:22 AM,10:59 AM,,,97 min,Data Science & Programming,,,
2022/10/24,3:51 PM,6:51 PM,,,180 min,Work,,,
2022/10/25,9:54 AM,12:06 PM,,,132 min,Work,,,
2022/10/25,2:30 PM,9:59 PM,,,449 min,Work,,,
2022/10/26,12:00 AM,12:19 AM,,,19 min,Work,,,
2022/10/26,3:21 PM,8:21 PM,,,300 min,Work,,,
2022/10/27,8:36 AM,1:36 PM,,,300 min,Work,,,
2022/10/28,2:07 PM,4:39 PM,,,152 min,APPLICATION,,,
2022/10/29,3:30 PM,4:24 PM,,,54 min,Data Science & Programming,,,
2022/10/30,10:27 AM,11:53 AM,,,86 min,APPLICATION,,,
2022/10/30,11:53 AM,12:07 PM,,,14 min,Work,,,
2022/10/30,1:24 PM,5:24 PM,,,240 min,Work,,,
2022/10/30,7:48 PM,8:32 PM,,,44 min,Work,,,
2022/10/31,9:20 AM,11:58 AM,,,157 min,APPLICATION,,,
2022/11/1,10:10 AM,11:37 AM,,,86 min,APPLICATION,,,
2022/11/1,11:59 AM,12:20 PM,,,21 min,Work,,,
2022/11/1,12:40 PM,1:27 PM,,,47 min,APPLICATION,,,
2022/11/1,1:27 PM,1:37 PM,,,10 min,Work,,,
2022/11/2,10:09 AM,12:09 PM,,,120 min,APPLICATION,,,
2022/11/2,2:10 PM,4:00 PM,,,110 min,APPLICATION,,,
2022/11/2,8:09 PM,9:28 PM,,,79 min,Personal Growth,,,
2022/11/3,11:39 AM,12:02 PM,,,23 min,APPLICATION,,,
2022/11/3,1:22 PM,4:11 PM,,,168 min,APPLICATION,,,
2022/11/4,1:23 PM,1:38 PM,,,15 min,APPLICATION,,,
2022/11/5,2:31 PM,5:31 PM,,,180 min,APPLICATION,,,
2022/11/5,6:00 PM,7:31 PM,,,91 min,APPLICATION,,,
2022/11/6,8:52 AM,4:52 PM,,,480 min,Work,,,
2022/11/6,9:25 AM,10:52 AM,,,86 min,APPLICATION,,,
2022/11/6,2:59 PM,3:20 PM,,,21 min,Thesis,,,
2022/11/6,6:55 PM,8:01 PM,,,66 min,Thesis,,,
2022/11/7,9:53 AM,5:53 PM,,,480 min,Work,,,
2022/11/8,9:19 AM,5:26 PM,,,487 min,Work,,,
2022/11/9,9:29 AM,6:46 PM,,,558 min,Work,,,
2022/11/10,9:13 AM,7:40 PM,,,626 min,Work,,,
2022/11/11,8:59 AM,5:10 PM,,,491 min,Work,,,
2022/11/12,3:26 PM,5:26 PM,,,120 min,APPLICATION,,,
2022/11/13,3:38 PM,4:26 PM,,,48 min,APPLICATION,,,
2022/11/13,6:36 PM,9:05 PM,,,148 min,APPLICATION,,,
2022/11/14,8:56 AM,5:09 PM,,,494 min,Work,,,
2022/11/14,10:35 PM,11:35 PM,,,60 min,APPLICATION,,,
2022/11/15,9:48 AM,5:07 PM,,,438 min,Work,,,
2022/11/15,9:35 PM,11:00 PM,,,85 min,APPLICATION,,,
2022/11/17,9:20 AM,5:05 PM,,,465 min,Work,,,
2022/11/18,6:25 AM,7:28 AM,,,63 min,APPLICATION,,,
2022/11/18,9:34 AM,5:18 PM,,,465 min,Work,,,
2022/11/19,5:56 PM,6:40 PM,,,44 min,Data Science & Programming,,,
2022/11/19,10:52 PM,11:52 PM,,,60 min,APPLICATION,,,
2022/11/20,4:09 PM,6:09 PM,,,120 min,APPLICATION,,,
2022/11/21,9:10 AM,5:20 PM,,,490 min,Work,,,
2022/11/21,8:02 PM,9:32 PM,,,90 min,APPLICATION,,,
2022/11/22,9:15 AM,5:58 PM,,,523 min,Work,,,
2022/11/22,9:37 PM,10:09 PM,,,32 min,APPLICATION,,,
2022/11/23,9:28 AM,5:02 PM,,,453 min,Work,,,
2022/11/23,6:12 PM,9:30 PM,,,197 min,APPLICATION,,,
2022/11/24,9:37 AM,5:55 PM,,,499 min,Work,,,
2022/11/25,9:54 AM,5:48 PM,,,474 min,Work,,,
2022/11/28,9:10 AM,5:41 PM,,,511 min,Work,,,
2022/11/28,10:00 PM,11:40 PM,,,100 min,APPLICATION,,,
2022/11/29,9:13 AM,5:19 PM,,,485 min,Work,,,
2022/11/29,7:37 PM,11:30 PM,,,232 min,APPLICATION,,,
2022/11/30,9:29 AM,5:45 PM,,,496 min,Work,,,
2022/11/30,6:28 PM,11:59 PM,,,330 min,APPLICATION,,,
2022/12/1,12:00 AM,12:39 AM,,,39 min,APPLICATION,,,
2022/12/1,9:32 AM,5:10 PM,,,458 min,Work,,,
2022/12/2,9:53 AM,4:53 PM,,,420 min,Work,,,
2022/12/3,9:31 PM,11:31 PM,,,120 min,APPLICATION,,,
2022/12/4,12:31 PM,3:31 PM,,,180 min,APPLICATION,,,
2022/12/5,9:30 AM,5:54 PM,,,503 min,Work,,,
2022/12/5,8:18 PM,11:59 PM,,,221 min,APPLICATION,,,
2022/12/6,12:30 AM,2:19 AM,,,109 min,APPLICATION,,,
2022/12/6,9:16 AM,10:26 PM,,,790 min,Work,,,
2022/12/6,10:46 PM,11:15 PM,,,29 min,APPLICATION,,,
2022/12/7,9:45 AM,7:59 PM,,,613 min,Work,,,
2022/12/8,9:13 AM,10:31 AM,,,78 min,Work,,,
2022/12/8,10:31 AM,1:51 PM,,,200 min,Work,,,
2022/12/11,3:47 PM,5:34 PM,,,106 min,APPLICATION,,,
2022/12/13,10:55 AM,2:55 PM,,,240 min,APPLICATION,,,
2022/12/13,7:55 PM,9:14 PM,,,79 min,APPLICATION,,,
2022/12/14,9:18 AM,5:10 PM,,,471 min,Work,,,
2022/12/16,10:03 AM,2:59 PM,,,296 min,Work,,,
2022/12/19,9:20 AM,11:20 AM,,,120 min,Data Science & Programming,,,
2022/12/19,11:30 AM,6:03 PM,,,393 min,Work,,,
2022/12/19,7:55 PM,11:55 PM,,,240 min,APPLICATION,,,
2022/12/20,9:20 AM,9:39 AM,,,18 min,Data Science & Programming,,,
2022/12/20,9:59 AM,2:01 PM,,,241 min,Work,,,
2022/12/20,10:49 PM,11:34 PM,,,45 min,APPLICATION,,,
2022/12/21,10:43 AM,4:30 PM,,,347 min,Work,,,
2022/12/21,8:18 PM,10:48 PM,,,150 min,APPLICATION,,,
2022/12/23,9:58 AM,5:57 PM,,,478 min,Work,,,
2022/12/25,12:57 PM,4:41 PM,,,224 min,APPLICATION,,,
2022/12/25,10:15 PM,11:59 PM,,,103 min,APPLICATION,,,
2022/12/26,10:00 AM,5:30 PM,,,450 min,Work,,,
2022/12/27,9:39 AM,5:47 PM,,,487 min,Work,,,
2022/12/28,9:39 AM,5:13 PM,,,454 min,Work,,,
2022/12/29,9:28 AM,4:59 PM,,,450 min,Work,,,
2022/12/30,9:23 AM,5:12 PM,,,469 min,Work,,,
2023/1/3,9:37 AM,5:37 PM,,,480 min,Work,,,
2023/1/3,3:00 PM,5:27 PM,,,148 min,APPLICATION,,,
2023/1/3,10:00 PM,10:37 PM,,,37 min,APPLICATION,,,
2023/1/7,9:09 PM,11:59 PM,,,170 min,APPLICATION,,,
2023/1/8,12:00 AM,1:49 AM,,,109 min,APPLICATION,,,
2023/1/8,6:43 PM,8:02 PM,,,79 min,APPLICATION,,,
2023/1/10,9:33 AM,5:21 PM,,,468 min,Work,,,
2023/1/10,9:23 PM,10:23 PM,,,60 min,APPLICATION,,,
2023/1/11,9:23 AM,5:20 PM,,,477 min,Work,,,
2023/1/11,6:55 PM,10:35 PM,,,220 min,APPLICATION,,,
2023/1/15,10:04 AM,11:16 AM,,,72 min,APPLICATION,,,
2023/1/15,1:03 PM,8:17 PM,,,434 min,APPLICATION,,,
2023/1/16,9:26 AM,5:31 PM,,,485 min,Work,,,
2023/1/17,8:40 AM,9:10 AM,,,30 min,APPLICATION,,,
2023/1/17,9:31 AM,5:23 PM,,,473 min,Work,,,
2023/1/24,12:00 AM,4:15 AM,,,255 min,APPLICATION,,,
2023/1/24,1:15 PM,4:18 PM,,,183 min,APPLICATION,,,
2023/1/27,10:20 AM,12:10 PM,,,111 min,Data Science & Programming,,,
2023/1/28,9:38 AM,5:38 PM,,,480 min,Work,,,
2023/1/29,8:37 AM,9:07 AM,,,30 min,APPLICATION,,,
2023/1/29,9:38 AM,5:31 PM,,,472 min,Work,,,
2023/1/30,9:29 AM,4:57 PM,,,448 min,Work,,,
2023/1/31,9:32 AM,5:30 PM,,,478 min,Work,,,
2023/2/1,9:29 AM,5:20 PM,,,471 min,Work,,,
2023/2/2,9:30 AM,5:23 PM,,,473 min,Work,,,
2023/2/3,9:38 AM,5:23 PM,,,465 min,Work,,,
2023/2/5,2:50 PM,3:30 PM,,,40 min,APPLICATION,,,
2023/2/6,9:31 AM,5:09 PM,,,458 min,Work,,,
2023/2/7,2:09 PM,5:25 PM,,,195 min,APPLICATION,,,
2023/2/13,11:27 AM,12:39 PM,,,72 min,Data Science & Programming,,,
2023/2/14,5:37 PM,11:45 PM,,,367 min,Personal Growth,,,
2023/2/16,9:19 AM,9:49 AM,,,30 min,Homework,,,
2023/2/16,9:52 AM,12:00 PM,,,128 min,Data Science & Programming,,,
2023/2/16,3:08 PM,5:05 PM,,,117 min,Data Science & Programming,,,
2023/2/17,4:01 PM,4:37 PM,,,35 min,Homework,,,
2023/2/18,3:43 PM,5:51 PM,,,127 min,Homework,,,
2023/2/18,7:17 PM,8:11 PM,,,53 min,Homework,,,
2023/2/18,8:13 PM,8:13 PM,,,0 min,Personal Growth,,,
2023/2/20,7:04 PM,11:59 PM,,,295 min,Homework,,,
2023/2/21,12:00 AM,12:08 AM,,,9 min,Homework,,,
2023/2/22,1:54 PM,2:12 PM,,,18 min,Personal Growth,,,
2023/2/23,12:31 PM,1:50 PM,,,79 min,Data Science & Programming,,,
2023/2/23,3:09 PM,4:16 PM,,,67 min,Personal Growth,,,
2023/2/26,8:15 PM,9:37 PM,,,82 min,Personal Growth,,,
2023/2/27,3:30 PM,5:00 PM,,,90 min,Data Science & Programming,,,
2023/2/27,7:10 PM,8:10 PM,,,60 min,Data Science & Programming,,,
2023/3/2,9:19 AM,11:02 AM,,,104 min,APPLICATION,,,
2023/3/2,1:00 PM,2:32 PM,,,91 min,APPLICATION,,,
2023/3/6,9:15 AM,6:10 PM,,,535 min,Work,,,
2023/3/7,9:39 AM,6:22 PM,,,522 min,Work,,,
2023/3/8,9:36 AM,12:00 PM,,,144 min,Work,,,
2023/3/9,10:04 AM,11:27 AM,,,83 min,Homework,,,
2023/3/12,12:27 PM,1:31 PM,,,64 min,Homework,,,
2023/3/13,9:00 AM,6:34 PM,,,573 min,Work,,,
2023/3/13,8:30 PM,9:51 PM,,,81 min,Homework,,,
2023/3/14,9:35 AM,6:15 PM,,,520 min,Work,,,
2023/3/15,9:22 AM,5:55 PM,,,514 min,Work,,,
2023/3/16,2:25 PM,4:59 PM,,,153 min,Homework,,,
2023/3/20,9:00 AM,6:10 PM,,,550 min,Work,,,
2023/3/21,9:29 AM,6:29 PM,,,540 min,Work,,,
2023/3/22,9:11 AM,6:08 PM,,,536 min,Work,,,
2023/3/24,1:12 PM,4:40 PM,,,208 min,Homework,,,
2023/3/26,2:55 PM,3:50 PM,,,55 min,Data Science & Programming,,,
2023/3/27,8:55 AM,6:01 PM,,,546 min,Work,,,
2023/3/28,9:18 AM,6:28 PM,,,550 min,Work,,,
2023/3/29,9:28 AM,6:30 PM,,,542 min,Work,,,
2023/3/30,1:11 PM,2:11 PM,,,24 min,Data Science & Programming,,,
2023/3/31,12:55 PM,2:10 PM,,,75 min,Homework,,,
2023/4/2,10:40 AM,11:00 AM,,,20 min,Homework,,,
2023/4/2,2:40 PM,4:22 PM,,,102 min,Homework,,,
2023/4/3,9:00 AM,6:06 PM,,,546 min,Work,,,
2023/4/5,2:11 PM,4:07 PM,,,116 min,Homework,,,
2023/4/6,8:35 AM,10:37 AM,,,122 min,Homework,,,
2023/4/6,1:04 PM,3:39 PM,,,155 min,Homework,,,
2023/4/10,8:58 AM,5:41 PM,,,523 min,Work,,,
2023/4/11,9:25 AM,6:11 PM,,,526 min,Work,,,
2023/4/12,9:25 AM,6:21 PM,,,537 min,Work,,,
2023/4/14,2:50 PM,2:59 PM,,,9 min,Data Science & Programming,,,
2023/4/16,10:12 AM,11:12 AM,,,60 min,Personal Growth,,,
2023/4/16,1:56 PM,5:20 PM,,,105 min,Homework,,,
2023/4/17,9:08 AM,6:08 PM,,,540 min,Work,,,
2023/4/18,9:27 AM,6:07 PM,,,521 min,Work,,,
2023/4/19,9:28 AM,6:21 PM,,,533 min,Work,,,
2023/4/21,5:36 PM,7:29 PM,,,113 min,Homework,,,
2023/4/22,5:10 PM,5:38 PM,,,28 min,Personal Growth,,,
2023/4/24,8:40 AM,9:00 AM,,,20 min,Homework,,,
2023/4/24,9:00 AM,6:00 PM,,,541 min,Work,,,
2023/4/25,9:36 AM,6:24 PM,,,528 min,Work,,,
2023/4/26,9:30 AM,6:54 PM,,,565 min,Work,,,
2023/4/28,2:37 PM,3:44 PM,,,41 min,Homework,,,
2023/5/1,11:10 AM,12:42 PM,,,93 min,Personal Growth,,,
2023/5/2,2:52 PM,4:14 PM,,,82 min,Personal Growth,,,
2023/5/3,3:17 PM,4:59 PM,,,102 min,Personal Growth,,,
2023/5/4,9:26 AM,7:04 PM,,,578 min,Work,,,
2023/5/5,7:06 AM,8:42 AM,,,97 min,Data Science & Programming,,,
2023/5/6,9:29 AM,6:21 PM,,,531 min,Work,,,
2023/5/7,10:58 AM,11:17 AM,,,19 min,Personal Growth,,,
2023/5/7,11:17 AM,12:00 PM,,,43 min,Homework,,,
2023/5/8,6:08 PM,7:08 PM,,,60 min,Homework,,,
2023/5/9,10:08 AM,12:34 PM,,,145 min,Homework,,,
2023/5/9,2:01 PM,5:25 PM,,,204 min,Homework,,,
2023/5/10,10:45 AM,4:03 PM,,,255 min,Homework,,,
2023/5/11,2:46 PM,3:04 PM,,,18 min,Data Science & Programming,,,
2023/5/12,5:04 PM,6:04 PM,,,60 min,Personal Growth,,,
2023/5/13,1:50 PM,4:19 PM,,,149 min,Homework,,,
2023/5/14,1:33 PM,3:13 PM,,,100 min,Homework,,,
2023/5/15,9:02 AM,11:02 AM,,,120 min,Homework,,,
2023/5/15,4:02 PM,5:59 PM,,,117 min,Homework,,,
2023/5/16,2:50 PM,5:16 PM,,,146 min,Personal Growth,,,
2023/5/16,7:30 PM,8:04 PM,,,35 min,Homework,,,
2023/5/17,1:43 PM,5:14 PM,,,211 min,Homework,,,
2023/5/18,2:32 PM,5:26 PM,,,173 min,Homework,,,
2023/5/18,9:47 PM,10:47 PM,,,60 min,Homework,,,
2023/5/19,12:56 PM,3:30 PM,,,154 min,Homework,,,
2023/5/20,8:34 AM,11:29 AM,,,175 min,Homework,,,
2023/5/20,2:40 PM,11:02 PM,,,503 min,Homework,,,
2023/5/22,10:14 AM,1:44 PM,,,210 min,Homework,,,
2023/5/23,8:30 AM,1:45 PM,,,316 min,Homework,,,
2023/5/23,8:57 PM,10:02 PM,,,64 min,Homework,,,
2023/5/24,9:52 AM,1:09 PM,,,197 min,Homework,,,
2023/5/24,2:08 PM,5:00 PM,,,171 min,Homework,,,
2023/5/24,9:34 PM,11:12 PM,,,97 min,Homework,,,
2023/5/25,10:30 AM,2:32 PM,,,242 min,Homework,,,
2023/5/26,10:24 AM,7:32 PM,,,548 min,Homework,,,
2023/5/26,9:56 PM,11:59 PM,,,123 min,Homework,,,
2023/5/27,12:00 AM,12:32 AM,,,32 min,Homework,,,
2023/5/27,2:08 PM,11:24 PM,,,372 min,Homework,,,
2023/5/28,10:50 AM,1:20 PM,,,149 min,Homework,,,
2023/5/28,2:39 PM,4:38 PM,,,119 min,Homework,,,
2023/5/29,8:34 AM,1:44 PM,,,310 min,Homework,,,
2023/5/29,4:46 PM,6:46 PM,,,120 min,Homework,,,
2023/5/31,10:35 AM,3:33 PM,,,299 min,Homework,,,
2023/5/31,4:08 PM,6:05 PM,,,117 min,Homework,,,
2023/6/1,1:34 AM,5:36 AM,,,242 min,Homework,,,
2023/6/1,9:51 AM,5:51 PM,,,480 min,Homework,,,
2023/6/3,3:30 PM,6:30 PM,,,180 min,Personal Growth,,,
2023/6/5,10:31 AM,11:39 AM,,,68 min,Personal Growth,,,
2023/6/5,1:55 PM,3:22 PM,,,86 min,Personal Growth,,,
2023/6/5,3:33 PM,4:52 PM,,,79 min,Personal Growth,,,
2023/6/6,9:40 AM,11:11 AM,,,91 min,Homework,,,
2023/6/6,1:00 PM,3:41 PM,,,161 min,Homework,,,
2023/6/6,8:25 PM,11:25 PM,,,180 min,Homework,,,
2023/6/7,2:02 PM,4:35 PM,,,153 min,Homework,,,
2023/6/7,5:13 PM,7:30 PM,,,137 min,Homework,,,
2023/6/8,10:13 AM,11:49 AM,,,96 min,Homework,,,
2023/6/8,2:10 PM,5:07 PM,,,178 min,Homework,,,
2023/6/8,6:45 PM,7:59 PM,,,74 min,Homework,,,
2023/6/9,10:23 AM,11:24 AM,,,61 min,Data Science & Programming,,,
2023/6/9,11:24 AM,12:46 PM,,,82 min,Homework,,,
2023/6/9,2:46 PM,4:16 PM,,,90 min,Homework,,,
2023/6/10,2:53 PM,4:07 PM,,,74 min,Homework,,,
2023/6/11,5:47 AM,7:47 AM,,,120 min,Homework,,,
2023/6/11,1:37 PM,3:43 PM,,,127 min,Homework,,,
2023/6/11,7:05 PM,7:24 PM,,,19 min,Homework,,,
2023/6/11,8:00 PM,11:59 PM,,,238 min,Homework,,,
2023/6/12,12:00 AM,12:44 AM,,,11 min,Homework,,,
2023/6/14,2:44 PM,6:44 PM,,,240 min,Homework,,,
2023/6/14,7:45 PM,11:58 PM,,,254 min,Homework,,,
2023/6/15,8:25 AM,5:14 PM,,,529 min,Homework,,,
2023/6/15,6:28 PM,10:26 PM,,,238 min,Homework,,,
2023/6/16,9:21 AM,5:18 PM,,,477 min,Homework,,,
2023/6/16,7:20 PM,11:59 PM,,,279 min,Homework,,,
2023/6/17,12:00 AM,1:22 AM,,,83 min,Homework,,,
2023/6/17,8:45 AM,12:34 PM,,,230 min,Homework,,,
2023/6/18,1:33 PM,2:33 PM,,,60 min,Homework,,,
2023/6/19,9:33 AM,4:48 PM,,,435 min,Homework,,,
2023/7/3,2:25 PM,4:25 PM,,,120 min,Data Science & Programming,,,
2023/7/3,4:25 PM,6:25 PM,,,120 min,Personal Growth,,,
2023/7/5,4:00 PM,9:00 PM,,,300 min,Personal Growth,,,
2023/7/6,11:32 AM,3:32 PM,,,240 min,Personal Growth,,,
2023/7/18,3:52 PM,5:52 PM,,,120 min,Personal Growth,,,
2023/7/19,10:31 AM,12:31 PM,,,120 min,Personal Growth,,,
2023/7/19,2:36 PM,5:36 PM,,,180 min,Personal Growth,,,
2023/7/19,9:28 PM,11:28 PM,,,120 min,Personal Growth,,,
2023/7/21,11:29 AM,1:29 PM,,,120 min,Personal Growth,,,
2023/7/25,1:22 PM,8:22 PM,,,420 min,Personal Growth,,,
2023/7/25,8:50 PM,11:50 PM,,,180 min,Personal Growth,,,
2023/7/26,12:50 AM,1:50 AM,,,60 min,Personal Growth,,,
2023/7/26,12:20 PM,5:35 PM,,,315 min,Personal Growth,,,
2023/7/27,10:26 AM,12:26 PM,,,120 min,Personal Growth,,,
2023/8/22,6:06 PM,9:06 PM,,,180 min,Data Science & Programming,,,
2023/8/24,2:20 PM,3:00 PM,,,39 min,Personal Growth,,,
2023/8/24,3:00 PM,3:25 PM,,,25 min,Data Science & Programming,,,
2023/8/24,3:25 PM,5:16 PM,,,110 min,Data Science & Programming,,,
2023/8/29,10:34 AM,12:39 PM,,,125 min,Data Science & Programming,,,
2023/8/29,1:45 PM,2:47 PM,,,62 min,Homework,,,
2023/8/29,2:47 PM,4:58 PM,,,131 min,Data Science & Programming,,,
2023/8/30,10:42 AM,11:57 AM,,,75 min,Personal Growth,,,
2023/8/30,1:10 PM,1:36 PM,,,26 min,Data Science & Programming,,,
2023/8/31,8:52 AM,11:34 AM,,,162 min,Personal Growth,,,
2023/8/31,1:37 PM,2:26 PM,,,50 min,Personal Growth,,,
2023/8/31,2:26 PM,4:18 PM,,,112 min,Data Science & Programming,,,
2023/9/1,5:53 PM,11:59 PM,,,365 min,Data Science & Programming,,,
2023/9/3,2:44 PM,2:47 PM,,,3 min,Thesis,,,
2023/9/3,2:47 PM,5:10 PM,,,114 min,Homework,,,
2023/9/3,5:28 PM,5:46 PM,,,18 min,Homework,,,
2023/9/4,9:24 AM,10:56 AM,,,92 min,Data Science & Programming,,,
2023/9/4,12:25 PM,3:25 PM,,,181 min,Homework,,,
2023/9/4,3:25 PM,4:50 PM,,,85 min,Data Science & Programming,,,
2023/9/5,10:16 AM,12:30 PM,,,134 min,Data Science & Programming,,,
2023/9/5,2:00 PM,3:38 PM,,,98 min,Data Science & Programming,,,
2023/9/5,10:41 PM,11:41 PM,,,60 min,Thesis,,,
2023/9/6,9:49 AM,11:25 AM,,,96 min,Thesis,,,
2023/9/6,11:33 AM,12:32 PM,,,59 min,Personal Growth,,,
2023/9/6,1:50 PM,4:48 PM,,,178 min,Personal Growth,,,
2023/9/8,1:47 PM,9:23 PM,,,456 min,Homework,,,
2023/9/8,2:30 PM,3:00 PM,,,30 min,Personal Growth,,,
2023/9/9,1:56 PM,4:18 PM,,,142 min,Homework,,,
2023/9/10,1:00 PM,3:00 PM,,,120 min,Homework,,,
2023/9/11,2:00 PM,3:33 PM,,,93 min,Homework,,,
2023/9/11,6:16 PM,7:16 PM,,,60 min,Career,,,
2023/9/12,11:17 AM,12:15 PM,,,58 min,Homework,CP8883,,
2023/9/12,1:12 PM,3:12 PM,,,120 min,Homework,CSE6242,,
2023/9/13,10:00 AM,2:00 PM,,,240 min,Exam Prepare,CSE6730,,
2023/9/13,3:37 PM,4:49 PM,,,72 min,Homework,CSE6242,,
2023/9/14,8:56 PM,9:56 PM,,,60 min,Homework,CP8883,,
2023/9/15,9:56 AM,11:56 AM,,,121 min,Exam Prepare,CSE6730,,
2023/9/15,12:26 PM,2:01 PM,,,95 min,Homework,,,
2023/9/16,8:31 PM,9:31 PM,,,60 min,Homework,CP8883,,
2023/9/17,11:18 AM,1:18 PM,,,120 min,Personal Growth,,,
2023/9/17,1:18 PM,3:00 PM,,,102 min,Homework,CSE6242,,
2023/9/17,5:10 PM,5:30 PM,,,19 min,Homework,CSE6242,,
2023/9/18,2:00 PM,3:31 PM,,,91 min,Career,,,
2023/9/18,8:38 PM,10:38 PM,,,120 min,Career,,,
2023/9/19,9:38 AM,10:54 AM,,,76 min,Homework,,,
2023/9/20,9:31 AM,10:29 AM,,,58 min,Homework,,,
2023/9/20,1:39 PM,4:00 PM,,,141 min,Homework,CSE6242,,
2023/9/21,10:17 AM,12:25 PM,,,128 min,Homework,,,
2023/9/22,10:18 AM,12:18 PM,,,120 min,Personal Growth,,,
2023/9/25,10:03 AM,12:20 PM,,,137 min,Homework,CP8883,,
2023/9/25,2:09 PM,2:25 PM,,,16 min,Career,,,
2023/9/25,2:54 PM,3:54 PM,,,60 min,Homework,CP8883,,
2023/9/27,10:15 AM,12:24 PM,,,128 min,Exam Prepare,,,
2023/9/28,10:39 AM,11:38 AM,,,59 min,Exam Prepare,,,
2023/9/29,9:41 AM,1:00 PM,,,199 min,Exam Prepare,,,
2023/9/30,9:32 PM,11:06 PM,,,93 min,Personal Growth,,,
2023/10/2,10:32 AM,1:36 PM,,,184 min,Homework,CSE6242,,
2023/10/3,9:27 AM,2:27 PM,,,300 min,Homework,,,
2023/10/4,10:27 AM,1:27 PM,,,180 min,Career,,,
2023/10/5,1:26 PM,5:04 PM,,,218 min,Homework,CP8883,,
2023/10/5,9:39 PM,11:39 PM,,,120 min,Homework,CP8883,,
2023/10/7,12:03 PM,1:52 PM,,,108 min,Homework,,,
2023/10/10,3:47 PM,5:57 PM,,,130 min,Career,,,
2023/10/10,8:13 PM,10:13 PM,,,120 min,Career,,,
2023/10/11,11:12 AM,12:09 PM,,,56 min,Homework,CP8883,,
2023/10/11,1:47 PM,3:35 PM,,,108 min,Homework,CP8883,,
2023/10/11,8:49 PM,10:49 PM,,,120 min,Homework,CSE6242,,
2023/10/12,10:49 AM,12:26 PM,,,95 min,Career,,,
2023/10/12,1:15 PM,2:30 PM,,,75 min,Career,,,
2023/10/15,8:26 AM,11:26 AM,,,180 min,Homework,,,
2023/10/15,2:36 PM,6:10 PM,,,214 min,Homework,,,
2023/10/15,8:25 PM,10:25 PM,,,120 min,Homework,,,
2023/10/17,8:33 PM,10:33 PM,,,120 min,Homework,CSE6242,,
2023/10/18,9:33 AM,10:31 AM,,,58 min,Exam Prepare,CSE6730,,
2023/10/19,2:29 PM,3:07 PM,,,39 min,Homework,CSE6242,,
2023/10/19,10:04 PM,11:56 PM,,,112 min,Exam Prepare,,,
2023/10/23,9:40 AM,12:15 PM,,,155 min,Career,,,
2023/10/26,9:57 AM,10:27 AM,,,30 min,Career,,,
2023/10/27,10:23 AM,2:13 PM,,,229 min,Homework,,,
2023/10/30,9:30 AM,10:23 AM,,,54 min,Personal Growth,,,
2023/10/30,10:23 AM,1:01 PM,,,158 min,Career,,,
2023/10/30,2:13 PM,3:07 PM,,,53 min,Homework,CP8883,,
2023/11/1,8:49 AM,11:35 AM,,,166 min,Homework,,,
2023/11/4,5:31 PM,6:23 PM,,,51 min,Personal Growth,,,
2023/11/5,1:56 PM,4:08 PM,,,106 min,Career,,,
2023/11/6,9:15 AM,9:58 AM,,,43 min,Personal Growth,,,
2023/11/6,9:58 AM,11:32 AM,,,94 min,Career,,,
2023/11/6,1:42 PM,3:33 PM,,,111 min,Career,,,
2023/11/8,1:43 PM,3:43 PM,,,120 min,Career,,,
2023/11/8,7:20 PM,7:58 PM,,,38 min,Exam Prepare,,,
2023/11/8,10:09 PM,11:19 PM,,,70 min,Exam Prepare,,,
2023/11/9,9:00 AM,10:19 AM,,,79 min,Exam Prepare,,,
2023/11/9,10:25 AM,12:18 PM,,,113 min,Exam Prepare,,,
2023/11/9,2:25 PM,5:25 PM,,,180 min,Career,,,
2023/11/10,9:25 AM,11:24 AM,,,119 min,Homework,,,
2023/11/11,5:30 PM,9:30 PM,,,240 min,Career,,,
2023/11/12,3:30 PM,7:30 PM,,,240 min,Homework,,,
2023/11/13,10:30 AM,8:30 PM,,,600 min,Homework,,,
2023/11/14,9:31 AM,10:56 AM,,,86 min,Homework,,,
2023/11/14,10:06 AM,11:43 AM,,,97 min,Personal Growth,,,
2023/11/14,12:56 PM,3:43 PM,,,167 min,Homework,CP8883,,
2023/11/15,9:49 AM,12:19 PM,,,150 min,Homework,CP8883,,
2023/11/15,2:29 PM,4:48 PM,,,139 min,Homework,CP8883,,
2023/11/15,8:37 PM,11:37 PM,,,180 min,Homework,CP8883,,
2023/11/16,9:25 AM,2:25 PM,,,300 min,Career,,,
2023/11/21,10:25 AM,1:07 PM,,,162 min,Homework,,,
2023/11/22,8:56 AM,9:50 AM,,,54 min,Homework,,,
2023/11/22,9:55 AM,11:00 AM,,,65 min,Career,,,
2023/11/24,8:55 AM,11:19 AM,,,144 min,Homework,,,
2023/11/24,3:10 PM,5:30 PM,,,140 min,Homework,,,
2023/11/24,9:30 PM,10:30 PM,,,60 min,Homework,,,
2023/11/25,9:57 AM,2:57 PM,,,300 min,Homework,,,
2023/11/25,4:58 PM,7:58 PM,,,180 min,Homework,,,
2023/11/25,7:58 PM,9:58 PM,,,120 min,Homework,,,
2023/11/25,10:58 PM,11:58 PM,,,60 min,Homework,,,
2023/11/26,12:07 AM,12:57 AM,,,50 min,Homework,,,
2023/12/1,1:54 PM,4:00 PM,,,126 min,Exam Prepare,,,
2023/12/1,4:00 PM,4:44 PM,,,44 min,Homework,CP8883,,
2023/12/3,12:45 PM,3:40 PM,,,175 min,Homework,,,
2023/12/4,9:22 AM,10:00 AM,,,38 min,Personal Growth,,,
2023/12/4,9:55 AM,11:30 AM,,,95 min,Homework,,,
2023/12/4,1:06 PM,11:06 PM,,,600 min,Homework,,,
2023/12/5,9:05 AM,12:39 PM,,,214 min,Homework,,,
2023/12/6,1:02 PM,5:02 PM,,,240 min,Homework,,,
2023/12/9,3:00 PM,5:20 PM,,,141 min,Homework,CSE6242,,
2023/12/10,9:09 AM,11:02 PM,,,537 min,Homework,CSE6242,,
2023/12/11,9:43 AM,6:41 PM,,,460 min,Homework,,,
2023/12/17,7:10 AM,8:10 AM,,,60 min,Writing,,,
2023/12/20,3:15 PM,4:15 PM,,,60 min,Data Science & Programming,,,
2023/12/22,3:03 PM,4:48 PM,,,105 min,Personal Growth,,,
2023/12/24,3:35 PM,5:13 PM,,,98 min,Personal Growth,,,
2024/1/8,1:00 PM,4:52 PM,,,233 min,Work,,,
2024/1/14,3:46 PM,4:00 PM,,,13 min,Personal Growth,,,
2024/1/15,10:40 AM,1:10 PM,,,150 min,Personal Growth,,,
2024/1/15,2:45 PM,5:45 PM,,,180 min,Homework,,,
2024/1/16,11:00 AM,12:01 PM,,,61 min,Homework,,,
2024/1/16,9:07 PM,10:07 PM,,,60 min,Homework,,,
2024/1/17,9:45 AM,4:45 PM,,,420 min,Work,,,
2024/1/17,9:51 PM,10:51 PM,,,60 min,Career,,,
2024/1/19,8:20 AM,12:20 PM,,,186 min,Homework,,,
2024/1/22,1:18 PM,5:18 PM,,,240 min,Work,,,
2024/1/22,7:30 PM,9:56 PM,,,146 min,Career,,,
2024/1/23,1:19 PM,3:19 PM,,,120 min,Work,,,
2024/1/23,7:20 PM,9:22 PM,,,123 min,Career,,,
2024/1/25,10:00 AM,5:00 PM,,,420 min,Work,,,
2024/1/25,6:05 PM,9:05 PM,,,180 min,Career,,,
2024/1/26,3:00 PM,5:00 PM,,,120 min,Work,,,
2024/1/27,3:02 PM,5:56 PM,,,174 min,Homework,,,
2024/1/27,9:17 PM,11:17 PM,,,120 min,APPLICATION,,,
2024/1/28,1:20 PM,5:01 PM,,,222 min,Homework,,,
2024/1/28,11:12 PM,11:52 PM,,,40 min,Homework,,,
2024/1/29,9:30 AM,11:30 AM,,,120 min,Personal Growth,,,
2024/1/29,12:00 PM,5:05 PM,,,305 min,Work,,,
2024/1/29,7:52 PM,9:46 PM,,,115 min,Homework,,,
2024/1/29,9:46 PM,11:15 PM,,,89 min,Career,,,
2024/1/30,1:04 PM,4:04 PM,,,180 min,Work,,,
2024/1/30,4:01 PM,4:37 PM,,,35 min,Career,,,
2024/1/31,10:00 AM,5:10 PM,,,430 min,Work,,,
2024/1/31,10:03 PM,10:33 PM,,,30 min,Career,,,
2024/2/1,11:00 AM,11:44 AM,,,44 min,Homework,,,
2024/2/1,12:31 PM,3:17 PM,,,165 min,Homework,,,
2024/2/1,10:53 PM,11:32 PM,,,39 min,Career,,,
2024/2/2,9:00 AM,11:00 AM,,,120 min,Career,,,
2024/2/2,3:00 PM,5:00 PM,,,120 min,Work,,,
2024/2/3,2:52 PM,7:30 PM,,,278 min,Homework,,,
2024/2/3,7:30 PM,8:18 PM,,,48 min,Career,,,
2024/2/3,10:41 PM,11:56 PM,,,75 min,Homework,,,
2024/2/4,11:00 AM,12:00 PM,,,60 min,Personal Growth,,,
2024/2/5,9:25 AM,9:40 AM,,,15 min,Career,,,
2024/2/6,1:29 PM,3:29 PM,,,120 min,Work,,,
2024/2/7,12:29 AM,1:29 AM,,,60 min,Personal Growth,,,
2024/2/7,8:19 AM,9:18 AM,,,59 min,Homework,,,
2024/2/7,10:00 AM,4:50 PM,,,410 min,Work,,,
2024/2/7,7:13 PM,9:11 PM,,,118 min,Homework,,,
2024/2/8,8:56 PM,10:58 PM,,,122 min,Homework,,,
2024/2/9,8:50 AM,10:50 AM,,,120 min,Homework,,,
2024/2/9,2:42 PM,5:12 PM,,,150 min,Work,,,
2024/2/9,5:42 PM,8:24 PM,,,162 min,Homework,,,
2024/2/10,9:50 PM,11:09 PM,,,78 min,Career,,,
2024/2/11,2:02 PM,6:40 PM,,,278 min,Homework,,,
2024/2/11,8:23 PM,11:23 PM,,,180 min,Homework,,,
2024/2/12,10:05 AM,11:00 AM,,,55 min,Career,,,
2024/2/12,12:00 PM,5:05 PM,,,305 min,Work,,,
2024/2/12,8:14 PM,9:57 PM,,,103 min,Homework,,,
2024/2/13,1:07 PM,3:07 PM,,,120 min,Work,,,
2024/2/13,10:07 PM,11:07 PM,,,60 min,Career,,,
2024/2/14,9:30 AM,4:30 PM,,,420 min,Work,,,
2024/2/14,8:08 PM,10:15 PM,,,127 min,Homework,,,
2024/2/14,10:15 PM,11:00 PM,,,45 min,Career,,,
2024/2/15,2:20 PM,3:55 PM,,,95 min,Homework,,,
2024/2/15,8:33 PM,9:00 PM,,,27 min,Personal Growth,,,
2024/2/18,2:25 PM,4:49 PM,,,144 min,Homework,,,
2024/2/18,10:00 PM,11:51 PM,,,111 min,Homework,,,
2024/2/19,12:00 PM,5:00 PM,,,300 min,Work,,,
2024/2/19,8:45 PM,10:00 PM,,,74 min,Exam Prepare,,,
2024/2/20,1:00 PM,3:00 PM,,,120 min,Work,,,
2024/2/20,8:03 PM,10:27 PM,,,145 min,Exam Prepare,,,
2024/2/21,10:06 AM,4:59 PM,,,413 min,Work,,,
2024/2/21,7:28 PM,10:00 PM,,,152 min,Exam Prepare,,,
2024/2/26,12:00 PM,5:00 PM,,,300 min,Work,,,
2024/2/26,8:13 PM,11:33 PM,,,200 min,Homework,,,
2024/2/27,1:00 PM,3:00 PM,,,120 min,Work,,,
2024/2/28,4:43 PM,6:44 PM,,,121 min,Homework,,,
2024/2/28,6:45 PM,7:30 PM,,,45 min,Career,,,
2024/2/29,10:27 AM,11:27 AM,,,60 min,Career,,,
2024/2/29,9:47 PM,11:27 PM,,,100 min,Homework,,,
2024/3/1,3:00 PM,5:00 PM,,,120 min,Work,,,
2024/3/4,12:00 PM,5:00 PM,,,300 min,Work,,,
2024/3/4,7:33 PM,9:38 PM,,,125 min,Homework,,,
2024/3/6,10:00 AM,5:59 PM,,,479 min,Work,,,
2024/3/7,6:00 PM,7:01 PM,,,61 min,Homework,,,
2024/3/8,1:00 PM,5:00 PM,,,240 min,Work,,,
2024/3/8,6:44 PM,8:40 PM,,,117 min,Homework,,,
2024/3/9,9:14 PM,11:15 PM,,,121 min,Personal Growth,,,
2024/3/11,12:00 PM,5:26 PM,,,326 min,Work,,,
2024/3/12,1:00 PM,3:00 PM,,,120 min,Work,,,
2024/3/13,10:00 AM,4:30 PM,,,390 min,Work,,,
2024/3/14,12:38 PM,1:38 PM,,,60 min,Homework,,,
2024/3/14,1:38 PM,5:04 PM,,,206 min,Career,,,
2024/3/15,1:00 PM,2:06 PM,,,66 min,Career,,,
2024/3/15,2:30 PM,5:00 PM,,,150 min,Work,,,
2024/3/15,6:00 PM,8:50 PM,,,170 min,Homework,,,
2024/3/18,12:00 PM,5:00 PM,,,300 min,Work,,,
2024/3/19,1:00 PM,5:00 PM,,,240 min,Work,,,
2024/3/20,10:30 AM,5:00 PM,,,390 min,Work,,,
2024/3/25,2:41 PM,7:41 PM,,,300 min,Career,,,
2024/3/25,5:25 PM,10:00 PM,,,275 min,Homework,,,
2024/3/26,3:20 PM,4:43 PM,,,83 min,Career,,,
2024/3/27,7:52 PM,8:30 PM,,,38 min,Read Books,,,
2024/3/27,8:30 PM,9:41 PM,,,72 min,Career,,,
2024/3/29,5:00 AM,6:15 AM,,,75 min,Career,,,
2024/3/29,9:34 AM,11:43 AM,,,129 min,Homework,,,
2024/3/30,3:33 PM,6:58 PM,,,205 min,Career,,,
2024/3/30,8:13 PM,8:34 PM,,,20 min,Career,,,
2024/4/1,10:25 AM,11:04 AM,,,40 min,Personal Growth,,,
2024/4/1,12:05 PM,5:00 PM,,,295 min,Work,,,
2024/4/1,5:40 PM,6:05 PM,,,25 min,Career,,,
2024/4/1,6:05 PM,6:18 PM,,,13 min,Homework,,,
2024/4/2,1:00 PM,3:00 PM,,,120 min,Work,,,
2024/4/2,5:46 PM,11:59 PM,,,372 min,Homework,,,
2024/4/3,9:04 AM,4:40 PM,,,456 min,Work,,,
2024/4/4,9:34 AM,10:34 AM,,,60 min,Personal Growth,,,
2024/4/5,12:40 PM,3:10 PM,,,150 min,Work,,,
2024/4/5,5:30 PM,6:06 PM,,,37 min,Homework,,,
2024/4/6,2:08 PM,4:30 PM,,,143 min,Homework,,,
2024/4/6,5:48 PM,6:08 PM,,,20 min,Homework,,,
2024/4/7,2:31 PM,5:30 PM,,,179 min,Homework,,,
2024/4/8,8:20 AM,9:20 AM,,,60 min,Exam Prepare,,,
2024/4/8,12:19 PM,5:19 PM,,,300 min,Work,,,
2024/4/9,9:00 AM,9:20 AM,,,20 min,Career,,,
2024/4/9,9:20 AM,11:45 AM,,,145 min,Exam Prepare,,,
2024/4/9,1:00 PM,3:00 PM,,,120 min,Work,,,
2024/4/11,7:00 PM,9:12 PM,,,131 min,Homework,,,
2024/4/15,9:30 AM,5:04 PM,,,454 min,Work,,,
2024/4/15,5:04 PM,6:05 PM,,,61 min,Career,,,
2024/4/15,7:04 PM,9:04 PM,,,120 min,Homework,,,
2024/4/17,9:30 AM,5:03 PM,,,453 min,Work,,,
2024/4/17,9:49 PM,11:59 PM,,,130 min,Work,,,
2024/4/18,2:49 PM,4:49 PM,,,120 min,Homework,,,
2024/4/22,10:00 AM,5:50 PM,,,470 min,Work,,,
2024/4/22,5:30 PM,6:30 PM,,,60 min,Homework,,,
2024/4/22,7:50 PM,9:50 PM,,,120 min,Read Books,,,
2024/4/23,10:50 AM,12:05 PM,,,75 min,Personal Growth,,,
2024/4/23,1:05 PM,3:20 PM,,,135 min,Career,,,
2024/4/23,3:20 PM,5:21 PM,,,121 min,Career,,,
2024/4/23,5:21 PM,8:07 PM,,,166 min,Homework,,,
2024/4/24,11:51 AM,2:04 PM,,,133 min,Homework,,,
2024/4/24,2:21 PM,2:57 PM,,,37 min,Homework,,,
2024/4/24,5:22 PM,10:37 PM,,,315 min,Homework,,,
2024/4/25,8:38 AM,10:59 AM,,,142 min,Career,,,
2024/4/27,2:43 PM,7:43 PM,,,300 min,Exam Prepare,,,
2024/4/28,2:43 PM,4:43 PM,,,120 min,Homework,,,
2024/4/29,4:56 PM,7:18 PM,,,142 min,Homework,,,
2024/4/30,5:50 AM,3:50 PM,,,600 min,Homework,,,
2024/5/1,9:00 AM,5:00 PM,,,480 min,Work,,,
2024/5/3,12:00 PM,5:08 PM,,,308 min,Work,,,
2024/5/4,2:49 PM,4:26 PM,,,97 min,Career,,,
2024/5/5,4:02 PM,5:44 PM,,,103 min,Read Books,,,
2024/5/5,5:44 PM,7:23 PM,,,99 min,Career,,,
2024/5/5,8:24 PM,11:55 PM,,,210 min,Career,,,
2024/5/14,9:00 AM,5:00 PM,,,480 min,Work,,,
2024/5/15,9:00 AM,5:00 PM,,,480 min,Work,,,
2024/5/17,2:00 PM,5:00 PM,,,180 min,Work,,,
2024/5/17,8:24 PM,11:41 PM,,,198 min,Homework,,,
2024/5/20,12:00 PM,1:50 PM,,,110 min,Personal Growth,,,
2024/5/20,2:46 PM,4:18 PM,,,92 min,Data Science & Programming,,,
2024/5/20,4:18 PM,8:00 PM,,,222 min,Data Science & Programming,,,
2024/5/21,2:00 PM,6:00 PM,,,240 min,Data Science & Programming,,,
2024/5/22,9:53 AM,1:26 PM,,,212 min,Personal Growth,,,
2024/5/22,4:26 PM,5:22 PM,,,55 min,Homework,,,
2024/5/24,9:00 AM,4:59 PM,,,479 min,Work,,,
2024/5/24,5:00 PM,9:22 PM,,,262 min,Homework,,,
2024/5/27,10:46 AM,1:38 PM,,,172 min,Data Science & Programming,,,
2024/5/28,1:39 PM,3:39 PM,,,120 min,Data Science & Programming,,,
2024/5/28,6:39 PM,8:39 PM,,,120 min,Career,,,
2024/5/29,8:39 AM,10:39 AM,,,120 min,Personal Growth,,,
2024/5/29,10:39 AM,12:35 PM,,,116 min,Personal Growth,,,
2024/5/29,12:35 PM,1:27 PM,,,51 min,Exam Prepare,,,
2024/5/29,2:29 PM,6:21 PM,,,232 min,Homework,,,
2024/6/2,7:08 PM,8:04 PM,,,56 min,Exam Prepare,,,
2024/6/4,12:50 PM,4:27 PM,,,218 min,Homework,,,
2024/6/4,10:53 PM,11:59 PM,,,66 min,Career,,,
2024/6/5,12:00 AM,12:03 AM,,,3 min,Career,,,
2024/6/5,8:00 AM,5:06 PM,,,546 min,Work,,,
2024/6/6,8:00 AM,5:06 PM,,,546 min,Work,,,
2024/6/7,8:00 AM,5:06 PM,,,546 min,Work,,,
2024/6/7,6:07 PM,7:54 PM,,,108 min,Homework,,,
2024/6/8,12:55 PM,1:55 PM,,,60 min,Career,,,
2024/6/9,5:56 PM,10:37 PM,,,281 min,Personal Growth,,,
2024/6/10,12:43 PM,2:12 PM,,,89 min,Personal Growth,,,
2024/6/10,3:40 PM,5:42 PM,,,122 min,Homework,,,
2024/6/11,11:22 AM,1:38 PM,,,135 min,Homework,,,
2024/6/12,1:15 PM,3:15 PM,,,120 min,Homework,,,
2024/6/13,5:15 PM,11:59 PM,,,404 min,Homework,,,
2024/6/14,12:00 AM,12:21 AM,,,21 min,Homework,,,
2024/6/19,11:34 AM,12:32 PM,,,58 min,Career,,,
2024/6/20,8:50 AM,5:00 PM,,,490 min,Work,,,
2024/6/20,7:30 PM,8:40 PM,,,70 min,Career,,,
2024/6/21,8:50 AM,5:00 PM,,,490 min,Work,,,
2024/6/24,2:58 PM,3:58 PM,,,60 min,Career,,,
2024/8/25,10:15 AM,11:15 AM,,,60 min,Career,,,
2024/8/25,11:15 AM,6:07 PM,,,412 min,Career,,,
2024/8/26,5:08 PM,6:48 PM,,,100 min,Career,,,
2024/8/27,10:24 AM,10:49 AM,,,25 min,Personal Growth,,,
2024/9/3,1:09 PM,4:09 PM,,,180 min,Work,,,
2024/9/3,10:08 PM,11:59 PM,,,111 min,Career,,,
2024/9/4,11:00 AM,12:09 PM,,,69 min,Career,,,
2024/9/9,2:53 PM,11:53 PM,,,541 min,Work,,,
2024/9/11,2:34 PM,8:21 PM,,,348 min,Homework,,,
2024/9/13,1:31 PM,4:31 PM,,,180 min,Work,,,
2024/9/14,10:49 AM,2:49 PM,,,240 min,Homework,,,
2024/9/15,10:49 AM,2:49 PM,,,240 min,Homework,,,
2024/9/16,2:49 PM,4:52 PM,,,123 min,Homework,,,
2024/9/16,9:12 PM,11:12 PM,,,120 min,Career,,,
2024/9/17,1:05 PM,5:05 PM,,,240 min,Work,,,
2024/9/18,1:30 PM,2:51 PM,,,81 min,Work,,,
2024/9/20,2:00 PM,3:50 PM,,,110 min,Career,,,
2024/9/20,3:00 PM,4:50 PM,,,110 min,Work,,,
2024/9/20,4:49 PM,8:49 PM,,,240 min,Homework,,,
2024/9/22,11:00 AM,1:56 PM,,,176 min,Homework,,,
2024/9/22,4:56 PM,9:56 PM,,,300 min,Career,,,
2024/9/25,8:58 PM,10:58 PM,,,120 min,Career,,,
2024/9/26,8:40 AM,10:40 AM,,,120 min,Homework,,,
2024/9/26,10:40 AM,1:52 PM,,,132 min,Career,,,
2024/9/27,5:52 PM,7:52 PM,,,120 min,Homework,,,
2024/9/30,9:40 AM,12:59 PM,,,199 min,Career,,,
2024/10/1,12:00 PM,5:41 PM,,,341 min,Work,,,
2024/10/2,4:50 AM,6:50 AM,,,120 min,Homework,,,
2024/10/2,8:51 PM,9:51 PM,,,60 min,Career,,,
2024/10/3,9:50 AM,11:06 AM,,,76 min,Homework,,,
2024/10/3,3:15 PM,7:43 PM,,,269 min,Work,,,
2024/10/4,11:11 AM,1:11 PM,,,120 min,Work,,,
2024/10/4,1:11 PM,3:11 PM,,,120 min,Homework,,,
2024/10/5,3:00 PM,5:27 PM,,,147 min,Homework,,,
2024/10/6,11:05 AM,1:05 PM,,,120 min,Homework,,,
2024/10/6,5:05 PM,6:05 PM,,,60 min,Exam Prepare,,,
2024/10/7,1:32 PM,4:32 PM,,,180 min,Work,,,
2024/10/8,1:32 PM,4:32 PM,,,180 min,Work,,,
2024/10/9,3:32 PM,5:32 PM,,,120 min,Work,,,
2024/10/12,11:32 AM,2:32 PM,,,180 min,Exam Prepare,,,
2024/10/13,10:00 AM,5:03 PM,,,423 min,Homework,,,
2024/10/13,8:00 PM,11:59 PM,,,239 min,Homework,,,
2024/10/13,8:03 PM,11:59 PM,,,235 min,Homework,,,
2024/10/15,1:28 PM,5:41 PM,,,254 min,Work,,,
2024/10/15,6:04 PM,7:04 PM,,,60 min,Personal Growth,,,
2024/10/15,8:04 PM,10:04 PM,,,120 min,Career,,,
2024/10/16,1:10 PM,3:08 PM,,,119 min,Career,,,
2024/10/17,1:34 PM,6:34 PM,,,300 min,Work,,,
2024/10/17,1:35 PM,2:35 PM,,,60 min,Career,,,
2024/10/18,10:35 AM,11:35 AM,,,60 min,Career,,,
2024/10/18,11:34 AM,5:34 PM,,,360 min,Work,,,
2024/10/21,10:38 AM,11:38 AM,,,60 min,Homework,,,
2024/10/22,3:00 PM,4:38 PM,,,98 min,Work,,,
2024/10/22,8:38 PM,9:59 PM,,,81 min,Career,,,
2024/10/23,3:00 PM,4:38 PM,,,98 min,Work,,,
2024/10/24,3:00 PM,6:38 PM,,,218 min,Work,,,
2024/10/25,7:00 PM,11:38 PM,,,278 min,Work,,,
2024/10/27,10:55 AM,11:55 AM,,,60 min,Career,,,
2024/10/27,11:55 AM,1:55 PM,,,120 min,Read Books,,,
2024/10/27,12:55 PM,3:55 PM,,,180 min,Homework,,,
2024/10/28,1:56 PM,3:56 PM,,,120 min,Career,,,
2024/10/28,3:56 PM,4:56 PM,,,60 min,Data Science & Programming,,,
2024/10/28,5:56 PM,6:56 PM,,,60 min,Work,,,
2024/10/29,8:59 AM,9:51 AM,,,52 min,Data Science & Programming,,,
2024/10/29,11:00 AM,11:34 AM,,,34 min,Career,,,
2024/10/29,11:34 AM,11:52 AM,,,17 min,Work,,,
2024/10/29,1:01 PM,3:19 PM,,,138 min,Work,,,
2024/10/30,1:05 PM,4:18 PM,,,194 min,Data Science & Programming,,,
2024/10/30,4:18 PM,5:12 PM,,,54 min,Exam Prepare,,,
2024/11/1,9:25 AM,4:25 PM,,,420 min,Work,,,
2024/11/2,9:25 AM,4:25 PM,,,420 min,Work,,,
2024/11/2,10:25 PM,11:25 PM,,,60 min,Career,,,
2024/11/3,8:14 AM,9:14 AM,,,60 min,Data Science & Programming,,,
2024/11/3,9:14 AM,11:12 AM,,,118 min,Homework,,,
2024/11/3,10:30 PM,11:59 PM,,,89 min,Career,,,
2024/11/4,10:00 AM,10:45 AM,,,45 min,Data Science & Programming,,,
2024/11/4,12:01 PM,12:48 PM,,,47 min,Personal Growth,,,
2024/11/4,3:12 PM,6:12 PM,,,180 min,Homework,,,
2024/11/5,8:53 AM,9:53 AM,,,60 min,Data Science & Programming,,,
2024/11/5,10:43 AM,10:50 AM,,,7 min,Data Science & Programming,,,
2024/11/5,3:53 PM,9:53 PM,,,360 min,Work,,,
2024/11/7,8:43 AM,9:00 AM,,,17 min,Writing,,,
2024/11/7,9:43 AM,10:44 AM,,,61 min,Data Science & Programming,,,
2024/11/8,10:43 AM,12:43 PM,,,120 min,Homework,,,
2024/11/8,3:44 PM,5:11 PM,,,87 min,Homework,,,
2024/11/9,10:16 AM,10:40 AM,,,24 min,Data Science & Programming,,,
2024/11/9,10:40 AM,12:05 PM,,,85 min,Homework,,,
2024/11/9,1:40 PM,3:05 PM,,,85 min,Homework,,,
2024/11/9,5:06 PM,6:24 PM,,,77 min,Homework,,,
2024/11/10,1:12 PM,2:12 PM,,,60 min,Homework,,,
2024/11/10,2:12 PM,3:39 PM,,,87 min,Homework,,,
2024/11/10,3:39 PM,6:50 PM,,,191 min,Homework,,,
2024/11/10,9:21 PM,11:59 PM,,,158 min,Career,,,
2024/11/11,1:30 AM,2:30 AM,,,60 min,Read Books,,,
2024/11/11,9:30 AM,10:30 AM,,,60 min,Read Books,,,
2024/11/12,9:41 AM,10:41 AM,,,60 min,Data Science & Programming,,,
2024/11/13,2:40 PM,4:40 PM,,,120 min,Work,,,
2024/11/13,8:41 PM,10:41 PM,,,120 min,Data Science & Programming,,,
2024/11/14,2:00 PM,8:10 PM,,,370 min,Work,,,
2024/11/15,9:41 AM,10:41 AM,,,60 min,Data Science & Programming,,,
2024/11/15,2:17 PM,4:17 PM,,,120 min,Work,,,
2024/11/16,8:17 PM,10:17 PM,,,120 min,Data Science & Programming,,,
2024/11/17,1:18 PM,3:18 PM,,,120 min,Exam Prepare,,,
2024/11/17,3:18 PM,4:42 PM,,,84 min,Exam Prepare,,,
2024/11/18,9:50 AM,11:35 AM,,,105 min,Homework,,,
2024/11/19,9:14 AM,11:14 AM,,,120 min,Data Science & Programming,,,
2024/11/20,9:14 AM,10:14 AM,,,60 min,Data Science & Programming,,,
2024/11/20,10:57 AM,12:30 PM,,,92 min,Homework,,,
2024/11/20,2:40 PM,4:24 PM,,,104 min,Homework,,,
2024/11/22,10:42 AM,11:42 AM,,,60 min,Data Science & Programming,,,
2024/11/23,4:09 PM,4:48 PM,,,39 min,Homework,,,
2024/11/23,4:48 PM,5:33 PM,,,45 min,Data Science & Programming,,,
2024/11/23,8:24 PM,9:24 PM,,,60 min,Data Science & Programming,,,
2024/11/24,3:24 PM,5:24 PM,,,120 min,Homework,,,
Total,,,,,"208,052 min",
